,Date,Open,High,Low,Close,Adj Close,Volume,RVT,positivePartscr,negativePartscr,fearPartscr,findownPartscr,finupPartscr,finhypePartscr,certaintyPartscr,uncertaintyPartscr
0,2018-01-02,19.270000457763672,19.329999923706055,19.15999984741211,19.329999923706055,18.801055908203125,2307400,0.0021,0.0021,0.0007,0.0,0.0007,0.0021,0.0014,0.0007,0.0007
1,2018-01-03,19.09000015258789,19.209999084472656,19.0,19.15999984741211,18.635705947875977,4235000,0.0021,0.0006,0.0045,0.0,0.0019,0.0013,0.0013,0.0006,0.0
2,2018-01-04,19.6200008392334,19.790000915527344,19.6200008392334,19.770000457763672,19.22901725769043,4409500,0.0017,0.0,0.003,0.0015,0.0015,0.003,0.0,0.0,0.0015
3,2018-01-05,19.34000015258789,19.399999618530273,18.5,18.549999237060547,18.04239845275879,16517400,0.0027,0.0048,0.0111,0.0,0.0134,0.0045,0.0037,0.0026,0.0119
4,2018-01-08,18.329999923706055,18.420000076293945,18.270000457763672,18.299999237060547,17.799240112304688,5030700,0.0016,0.0034,0.0068,0.0,0.0081,0.0047,0.002,0.0027,0.0041
5,2018-01-09,17.989999771118164,18.15999984741211,17.969999313354492,18.1299991607666,17.633892059326172,4691700,0.0013,0.0037,0.0015,0.0,0.0015,0.0015,0.0022,0.0015,0.0
6,2018-01-10,18.5,18.649999618530273,18.43000030517578,18.5,17.99376678466797,4391000,0.0015,0.0015,0.0046,0.0,0.0023,0.0031,0.0023,0.0,0.0008
7,2018-01-11,18.530000686645508,18.649999618530273,18.440000534057617,18.559999465942383,18.052125930786133,3280200,0.0016,0.0,0.0,0.0,0.0,0.0,0.0,0.0,0.0
8,2018-01-12,18.530000686645508,18.700000762939453,18.479999542236328,18.700000762939453,18.188295364379883,4427200,0.002,0.0,0.0018,0.0,0.0012,0.0018,0.0012,0.0,0.0
9,2018-01-16,18.75,18.75,18.43000030517578,18.510000228881836,18.003494262695312,3107400,0.0024,0.003,0.0135,0.0,0.0004,0.0004,0.0,0.0,0.0026
10,2018-01-17,18.520000457763672,18.610000610351562,18.299999237060547,18.520000457763672,18.013221740722656,2585000,0.0009,0.0,0.0032,0.0,0.0032,0.0,0.0,0.0,0.0
11,2018-01-18,18.65999984741211,18.670000076293945,18.520000457763672,18.530000686645508,18.022947311401367,1964600,0.0017,0.0,0.0,0.0,0.0,0.0,0.0,0.0,0.0
12,2018-01-19,18.649999618530273,18.799999237060547,18.579999923706055,18.780000686645508,18.26610565185547,2981300,0.0012,0.0,0.0047,0.0,0.0012,0.0023,0.0012,0.0,0.0012
13,2018-01-22,19.290000915527344,19.399999618530273,19.209999084472656,19.389999389648438,18.859413146972656,7125100,0.0014,0.0,0.0031,0.0,0.0031,0.0015,0.0008,0.0008,0.0
14,2018-01-23,19.459999084472656,19.520000457763672,19.360000610351562,19.469999313354492,18.937223434448242,2753000,0.0024,0.0011,0.0026,0.0,0.0015,0.0026,0.0015,0.0,0.0008
15,2018-01-24,19.93000030517578,19.979999542236328,19.56999969482422,19.739999771118164,19.1998348236084,4057200,0.0028,0.0,0.001,0.0,0.0007,0.001,0.0,0.0,0.0
16,2018-01-25,19.90999984741211,19.93000030517578,19.56999969482422,19.639999389648438,19.102571487426758,3504400,0.001,0.0,0.0053,0.0,0.0021,0.0,0.0,0.0,0.0
17,2018-01-26,19.549999237060547,19.579999923706055,19.450000762939453,19.510000228881836,18.97612953186035,2386200,0.002,0.0012,0.003,0.0,0.0024,0.0024,0.0012,0.0,0.0
18,2018-01-29,19.280000686645508,19.290000915527344,19.059999465942383,19.100000381469727,18.577350616455078,3576000,0.0043,0.0044,0.0141,0.0,0.0005,0.0023,0.0009,0.0,0.0009
19,2018-01-30,18.700000762939453,18.719999313354492,18.31999969482422,18.3799991607666,17.877050399780273,5353600,0.0008,0.0014,0.0058,0.0,0.0,0.0,0.0,0.0,0.0116
20,2018-01-31,18.450000762939453,18.5,18.309999465942383,18.34000015258789,17.838146209716797,2887000,0.001,0.0,0.0019,0.001,0.0029,0.0038,0.0019,0.0019,0.0
21,2018-02-01,18.350000381469727,18.649999618530273,18.31999969482422,18.649999618530273,18.13966178894043,3088500,0.0006,0.0,0.0098,0.0,0.0033,0.0011,0.0,0.0,0.0022
22,2018-02-02,17.690000534057617,17.739999771118164,17.030000686645508,17.09000015258789,16.622350692749023,15244400,0.0035,0.0099,0.0593,0.0,0.022,0.0155,0.0054,0.0112,0.0108
23,2018-02-05,17.020000457763672,17.139999389648438,16.299999237060547,16.389999389648438,15.941505432128906,10187600,0.0018,0.0046,0.0026,0.0,0.0013,0.0052,0.0007,0.0,0.002
24,2018-02-06,16.25,16.6299991607666,16.18000030517578,16.520000457763672,16.067949295043945,12390000,0.0008,0.0,0.0,0.0,0.0,0.0,0.0,0.0,0.0
25,2018-02-07,15.729999542236328,16.219999313354492,15.670000076293945,16.09000015258789,15.649714469909668,9774700,0.0014,0.0024,0.0012,0.0,0.0012,0.0043,0.0006,0.0006,0.0
26,2018-02-08,16.360000610351562,16.3700008392334,15.479999542236328,15.489999771118164,15.066132545471191,9365900,0.0012,0.003,0.0023,0.0,0.003,0.0015,0.0008,0.0008,0.0023
27,2018-02-09,15.449999809265137,15.640000343322754,15.0600004196167,15.579999923706055,15.153670310974121,8654200,0.0033,0.0004,0.0018,0.0,0.0022,0.0,0.0004,0.0009,0.0004
28,2018-02-12,16.110000610351562,16.200000762939453,15.779999732971191,16.010000228881836,15.571904182434082,6412900,0.0036,0.0008,0.0183,0.0,0.0004,0.0029,0.0004,0.0012,0.0
29,2018-02-13,15.960000038146973,16.020000457763672,15.819999694824219,15.899999618530273,15.464913368225098,3246300,0.0019,0.0029,0.0088,0.0,0.0015,0.002,0.001,0.001,0.001
30,2018-02-14,15.720000267028809,16.290000915527344,15.670000076293945,16.260000228881836,15.8150634765625,4770200,0.0012,0.0,0.0051,0.0,0.0051,0.0032,0.0,0.0006,0.0013
31,2018-02-15,16.25,16.260000228881836,15.970000267028809,16.110000610351562,15.669167518615723,3499900,0.0025,0.0035,0.0029,0.0,0.0023,0.0032,0.0023,0.0003,0.0021
32,2018-02-16,15.880000114440918,16.149999618530273,15.869999885559082,16.079999923706055,15.639988899230957,3255700,0.0031,0.0,0.0,0.0,0.0,0.0,0.0,0.0,0.0
33,2018-02-20,16.309999465942383,16.549999237060547,16.290000915527344,16.459999084472656,16.00958824157715,3810400,0.0017,0.0,0.0017,0.0,0.0012,0.0,0.0023,0.0,0.0
34,2018-02-21,16.719999313354492,16.829999923706055,16.559999465942383,16.56999969482422,16.116579055786133,4420500,0.001,0.0025,0.0,0.0,0.0013,0.0013,0.0032,0.0013,0.0013
35,2018-02-22,16.450000762939453,16.6299991607666,16.3799991607666,16.43000030517578,15.980411529541016,4052900,0.0009,0.0035,0.0008,0.0,0.0008,0.0046,0.0046,0.0015,0.0
36,2018-02-23,16.440000534057617,16.450000762939453,16.329999923706055,16.43000030517578,15.980411529541016,3095100,0.0018,0.0007,0.0029,0.0,0.0029,0.0014,0.0014,0.0007,0.0014
37,2018-02-26,16.440000534057617,16.510000228881836,16.329999923706055,16.479999542236328,16.029043197631836,2322900,0.003,0.0,0.0,0.0,0.0,0.0,0.0,0.0,0.0
38,2018-02-27,16.420000076293945,16.520000457763672,16.3700008392334,16.399999618530273,15.951231956481934,3047300,0.0007,0.0,0.0114,0.0,0.0046,0.0,0.0011,0.0011,0.0
39,2018-02-28,16.389999389648438,16.399999618530273,15.930000305175781,15.9399995803833,15.503819465637207,4372900,0.0011,0.0014,0.0061,0.0,0.002,0.0075,0.0,0.0,0.0007
40,2018-03-01,15.859999656677246,15.930000305175781,15.5600004196167,15.699999809265137,15.270386695861816,4869600,0.0018,0.0,0.011,0.0,0.0031,0.0,0.0,0.0004,0.0016
41,2018-03-02,15.479999542236328,15.859999656677246,15.399999618530273,15.789999961853027,15.35792350769043,7563200,0.0008,0.0,0.0,0.0,0.0,0.0,0.0,0.0015,0.0
42,2018-03-05,15.5600004196167,15.979999542236328,15.550000190734863,15.890000343322754,15.455187797546387,3886900,0.0018,0.001,0.0039,0.0,0.0015,0.0015,0.0,0.0,0.0
43,2018-03-06,16.030000686645508,16.100000381469727,15.920000076293945,16.059999465942383,15.620534896850586,2405900,0.0013,0.0152,0.0009,0.0,0.0009,0.0068,0.0042,0.0009,0.0009
44,2018-03-07,16.079999923706055,16.350000381469727,16.06999969482422,16.329999923706055,15.883147239685059,3755100,0.0008,0.003,0.004,0.0,0.006,0.005,0.006,0.0,0.0
45,2018-03-08,16.219999313354492,16.309999465942383,16.049999237060547,16.18000030517578,15.737251281738281,4012700,0.0011,0.0046,0.0105,0.002,0.0066,0.004,0.0105,0.0033,0.0053
46,2018-03-09,16.06999969482422,16.139999389648438,16.020000457763672,16.1200008392334,15.678894996643066,3114100,0.0014,0.0049,0.0028,0.0,0.0049,0.0042,0.0091,0.0014,0.0035
47,2018-03-12,16.110000610351562,16.15999984741211,16.020000457763672,16.110000610351562,15.669167518615723,2833500,0.0027,0.0046,0.0073,0.0,0.0053,0.0079,0.0099,0.0026,0.005
48,2018-03-13,16.059999465942383,16.110000610351562,15.779999732971191,15.789999961853027,15.35792350769043,4476400,0.0012,0.0046,0.0033,0.0,0.0066,0.0086,0.0086,0.0013,0.0
49,2018-03-14,15.920000076293945,15.920000076293945,15.59000015258789,15.699999809265137,15.270386695861816,4117000,0.0017,0.0021,0.0035,0.0,0.0069,0.0034,0.0041,0.0,0.0
50,2018-03-15,15.710000038146973,15.819999694824219,15.640000343322754,15.699999809265137,15.270386695861816,2187900,0.0017,0.0029,0.0148,0.0,0.0065,0.0071,0.0035,0.0,0.0012
51,2018-03-16,15.699999809265137,15.869999885559082,15.6899995803833,15.819999694824219,15.387103080749512,3689000,0.0028,0.0,0.0,0.0,0.0,0.0,0.0,0.0,0.0
52,2018-03-19,15.75,15.779999732971191,15.40999984741211,15.539999961853027,15.114764213562012,4187700,0.0009,0.0028,0.0038,0.0,0.0085,0.0047,0.0056,0.0009,0.0
53,2018-03-20,15.5600004196167,15.640000343322754,15.479999542236328,15.520000457763672,15.095312118530273,2196600,0.0011,0.0024,0.0032,0.0,0.0073,0.004,0.0049,0.0,0.0
54,2018-03-21,14.75,14.970000267028809,14.569999694824219,14.789999961853027,14.385287284851074,12846100,0.0019,0.0075,0.0044,0.0,0.008,0.0075,0.0066,0.0018,0.0013
55,2018-03-22,14.239999771118164,14.369999885559082,14.170000076293945,14.1899995803833,13.801705360412598,11721300,0.0023,0.0,0.0,0.0,0.0,0.0,0.0,0.0,0.0
56,2018-03-23,13.989999771118164,14.119999885559082,13.729999542236328,13.75,13.373745918273926,9433800,0.0029,0.0,0.0,0.0,0.0,0.0,0.0,0.0,0.0
57,2018-03-26,13.989999771118164,14.09000015258789,13.779999732971191,14.069999694824219,13.684988975524902,6873100,0.0017,0.0021,0.0027,0.0,0.0021,0.0021,0.0032,0.0,0.0
58,2018-03-27,14.050000190734863,14.100000381469727,13.6899995803833,13.770000457763672,13.39319896697998,6663500,0.0035,0.0037,0.0103,0.0002,0.0053,0.0041,0.0014,0.0014,0.0019
59,2018-03-28,13.869999885559082,13.930000305175781,13.670000076293945,13.760000228881836,13.383472442626953,5219900,0.0021,0.004,0.0084,0.0,0.0057,0.0054,0.002,0.0017,0.0007
60,2018-03-29,13.970000267028809,14.029999732971191,13.869999885559082,13.979999542236328,13.597452163696289,3322900,0.0012,0.0043,0.0035,0.0,0.0039,0.0039,0.003,0.0022,0.0009
61,2018-04-02,13.899999618530273,14.0,13.520000457763672,13.680000305175781,13.305662155151367,3621700,0.0004,0.012,0.004,0.0,0.0,0.004,0.004,0.004,0.004
62,2018-04-03,13.649999618530273,13.770000457763672,13.520000457763672,13.720000267028809,13.34456729888916,2799300,0.0007,0.0041,0.0031,0.0,0.0093,0.0062,0.0083,0.0,0.0
63,2018-04-04,13.529999732971191,13.899999618530273,13.529999732971191,13.880000114440918,13.500188827514648,3796600,0.002,0.0,0.0,0.0,0.0,0.0,0.0,0.0,0.0
64,2018-04-05,14.0600004196167,14.34000015258789,14.039999961853027,14.319999694824219,13.92814826965332,4654800,0.0019,0.0,0.0,0.0,0.0,0.0,0.0,0.0,0.0
65,2018-04-06,14.020000457763672,14.069999694824219,13.819999694824219,13.869999885559082,13.490462303161621,4374000,0.0019,0.0055,0.0116,0.0,0.0088,0.0044,0.0066,0.0022,0.0017
66,2018-04-09,14.210000038146973,14.229999542236328,14.0,14.010000228881836,13.626631736755371,4976800,0.0035,0.0088,0.0246,0.0034,0.0066,0.0083,0.0097,0.011,0.0083
67,2018-04-10,14.100000381469727,14.140000343322754,14.029999732971191,14.079999923706055,13.694716453552246,3267900,0.0014,0.0087,0.0192,0.0004,0.0127,0.0078,0.0113,0.0079,0.0087
68,2018-04-11,14.300000190734863,14.359999656677246,14.180000305175781,14.1899995803833,13.801705360412598,3200600,0.0008,0.0025,0.0033,0.0,0.0106,0.0057,0.0057,0.0,0.0008
69,2018-04-12,14.319999694824219,14.449999809265137,14.289999961853027,14.40999984741211,14.01568603515625,2760100,0.0018,0.0,0.0,0.0,0.0,0.0,0.0,0.0,0.0
70,2018-04-13,14.680000305175781,14.6899995803833,14.329999923706055,14.380000114440918,13.986506462097168,2673100,0.0012,0.0026,0.0043,0.0,0.0104,0.0043,0.0035,0.0009,0.0
71,2018-04-16,14.369999885559082,14.420000076293945,14.3100004196167,14.329999923706055,13.937874794006348,2210400,0.0009,0.0023,0.0058,0.0,0.0105,0.0058,0.0047,0.0012,0.0
72,2018-04-17,14.369999885559082,14.470000267028809,14.350000381469727,14.380000114440918,13.986506462097168,2934000,0.001,0.0055,0.0034,0.0,0.0068,0.0089,0.0102,0.0014,0.0055
73,2018-04-18,14.510000228881836,14.550000190734863,14.430000305175781,14.4399995803833,14.044864654541016,2328300,0.0017,0.0013,0.0173,0.0029,0.0048,0.0029,0.0077,0.0042,0.0073
74,2018-04-19,14.40999984741211,14.529999732971191,14.350000381469727,14.460000038146973,14.06431770324707,3643600,0.0011,0.0048,0.0102,0.0011,0.0027,0.0048,0.0118,0.0043,0.0075
75,2018-04-20,14.1899995803833,14.289999961853027,14.09000015258789,14.260000228881836,13.869790077209473,3020000,0.0021,0.0036,0.0051,0.0,0.0057,0.0051,0.0067,0.001,0.0026
76,2018-04-23,14.329999923706055,14.350000381469727,14.220000267028809,14.25,13.860064506530762,2482500,0.0024,0.0015,0.0154,0.0,0.014,0.0024,0.0048,0.0039,0.0019
77,2018-04-24,14.6899995803833,14.920000076293945,14.65999984741211,14.779999732971191,14.375560760498047,6236300,0.0019,0.0,0.0,0.0,0.0,0.0,0.0,0.0,0.0
78,2018-04-25,14.59000015258789,14.670000076293945,14.4399995803833,14.600000381469727,14.20048713684082,3657500,0.0012,0.0032,0.0063,0.0,0.0076,0.0019,0.0063,0.0019,0.0013
79,2018-04-26,14.319999694824219,14.399999618530273,14.1899995803833,14.34000015258789,13.947601318359375,3544600,0.0024,0.0,0.0,0.0,0.0,0.0,0.0,0.0,0.0
80,2018-04-27,13.829999923706055,13.90999984741211,13.649999618530273,13.890000343322754,13.509915351867676,6033600,0.0013,0.0082,0.0177,0.0,0.0117,0.0039,0.0125,0.0052,0.0035
81,2018-04-30,13.680000305175781,13.760000228881836,13.65999984741211,13.65999984741211,13.286209106445312,2706500,0.0002,0.0071,0.0071,0.0,0.0071,0.0071,0.0141,0.0,0.0
82,2018-05-01,13.699999809265137,13.699999809265137,13.520000457763672,13.59000015258789,13.218125343322754,2588500,0.0003,0.0056,0.0358,0.0,0.0113,0.0056,0.017,0.0,0.0057
83,2018-05-02,13.729999542236328,13.760000228881836,13.600000381469727,13.630000114440918,13.257030487060547,2712800,0.0011,0.008,0.0176,0.0,0.0036,0.004,0.0116,0.0023,0.0126
84,2018-05-03,13.65999984741211,13.680000305175781,13.5,13.630000114440918,13.257030487060547,1968900,0.0008,0.0043,0.0359,0.0036,0.0079,0.0043,0.0108,0.0,0.0172
85,2018-05-04,13.529999732971191,13.819999694824219,13.510000228881836,13.779999732971191,13.402925491333008,1787200,0.0006,0.0,0.0,0.0,0.0,0.0,0.0,0.0,0.0
86,2018-05-07,13.619999885559082,13.789999961853027,13.619999885559082,13.779999732971191,13.402925491333008,2265600,0.0011,0.0015,0.0046,0.0,0.0023,0.0008,0.0046,0.0108,0.0046
87,2018-05-08,13.520000457763672,13.630000114440918,13.520000457763672,13.59000015258789,13.218125343322754,3488900,0.0002,0.007,0.007,0.0,0.007,0.0093,0.0302,0.0,0.0186
88,2018-05-09,13.6899995803833,13.8100004196167,13.670000076293945,13.779999732971191,13.402925491333008,3072800,0.0011,0.0025,0.0051,0.0,0.0042,0.0034,0.0135,0.0,0.0084
89,2018-05-10,13.720000267028809,13.920000076293945,13.680000305175781,13.880000114440918,13.500188827514648,2297400,0.0006,0.0069,0.0041,0.0,0.0055,0.0041,0.0179,0.0,0.0097
90,2018-05-11,13.949999809265137,13.979999542236328,13.859999656677246,13.859999656677246,13.480735778808594,1324900,0.0018,0.0043,0.01,0.0,0.0129,0.0086,0.0158,0.005,0.0093
91,2018-05-14,13.75,13.779999732971191,13.640000343322754,13.649999618530273,13.276482582092285,3035500,0.0006,0.0065,0.0081,0.0,0.0097,0.0081,0.0195,0.0032,0.0097
92,2018-05-15,13.3100004196167,13.430000305175781,13.239999771118164,13.289999961853027,12.9263334274292,5819900,0.0016,0.0052,0.0029,0.0,0.0034,0.0029,0.0144,0.0011,0.0098
93,2018-05-16,12.949999809265137,13.069999694824219,12.899999618530273,13.0,12.644268989562988,7021200,0.002,0.0048,0.0016,0.0,0.0027,0.0075,0.0176,0.0005,0.0155
94,2018-05-17,13.010000228881836,13.069999694824219,12.960000038146973,12.989999771118164,12.634542465209961,2618900,0.0017,0.0024,0.0033,0.0,0.0041,0.0024,0.0098,0.0,0.0057
95,2018-05-18,12.75,12.800000190734863,12.65999984741211,12.710000038146973,12.362205505371094,4731100,0.0023,0.0022,0.0016,0.0,0.0027,0.0022,0.0093,0.0,0.0049
96,2018-05-21,12.800000190734863,12.800000190734863,12.680000305175781,12.710000038146973,12.362205505371094,2852500,0.001,0.0047,0.0047,0.0,0.0062,0.0047,0.0218,0.0,0.0125
97,2018-05-22,12.899999618530273,13.0,12.869999885559082,12.970000267028809,12.615090370178223,4484400,0.001,0.009,0.009,0.0,0.008,0.007,0.0151,0.003,0.009
98,2018-05-23,12.760000228881836,12.899999618530273,12.680000305175781,12.880000114440918,12.527552604675293,5851100,0.0015,0.0035,0.0175,0.0,0.0041,0.0052,0.0099,0.0093,0.0076
99,2018-05-24,12.25,12.350000381469727,11.989999771118164,12.25,11.91479206085205,11040700,0.0033,0.0,0.0,0.0,0.0,0.0,0.0,0.0,0.0
100,2018-05-25,12.0600004196167,12.140000343322754,11.949999809265137,12.050000190734863,11.845000267028809,6440500,0.0018,0.0075,0.0192,0.0025,0.0109,0.0084,0.0109,0.005,0.0084
101,2018-05-29,11.520000457763672,11.5600004196167,11.180000305175781,11.300000190734863,11.107759475708008,15515600,0.0016,0.002,0.0039,0.0,0.0079,0.0039,0.0128,0.0,0.0089
102,2018-05-30,11.510000228881836,11.619999885559082,11.380000114440918,11.569999694824219,11.373165130615234,10298200,0.0012,0.0047,0.0079,0.0008,0.0102,0.0055,0.022,0.0031,0.0118
103,2018-05-31,10.930000305175781,11.15999984741211,10.569999694824219,11.079999923706055,10.891501426696777,31986000,0.0023,0.0,0.0,0.0,0.0,0.0,0.0,0.0,0.0
104,2018-06-01,11.109999656677246,11.140000343322754,10.9399995803833,11.039999961853027,10.852182388305664,10876900,0.0039,0.0106,0.0326,0.0034,0.014,0.0082,0.0119,0.0098,0.0103
105,2018-06-04,11.220000267028809,11.25,11.130000114440918,11.210000038146973,11.01928997039795,5858000,0.001,0.0055,0.0144,0.0011,0.0067,0.0044,0.0122,0.0,0.0044
106,2018-06-05,11.119999885559082,11.140000343322754,10.949999809265137,11.029999732971191,10.842351913452148,5919000,0.0015,0.0,0.0,0.0,0.0,0.0,0.0,0.0,0.0
107,2018-06-06,11.079999923706055,11.350000381469727,11.079999923706055,11.350000381469727,11.156908988952637,7633400,0.002,0.0008,0.0059,0.0,0.0017,0.0042,0.0033,0.0,0.0034
108,2018-06-07,11.40999984741211,11.65999984741211,11.25,11.510000228881836,11.314187049865723,11834200,0.0023,0.001,0.0164,0.0024,0.0029,0.0019,0.0072,0.0,0.0068
109,2018-06-08,11.220000267028809,11.329999923706055,11.109999656677246,11.25,11.058609962463379,6519300,0.0033,0.001,0.0272,0.0016,0.0069,0.0007,0.0072,0.0,0.0082
110,2018-06-11,11.369999885559082,11.479999542236328,11.329999923706055,11.430000305175781,11.23554801940918,3980900,0.001,0.0,0.0104,0.003,0.0074,0.0045,0.0119,0.0,0.0119
111,2018-06-12,11.479999542236328,11.520000457763672,11.34000015258789,11.40999984741211,11.215887069702148,3140100,0.0015,0.0066,0.0047,0.0009,0.0019,0.0038,0.0075,0.0009,0.0038
112,2018-06-13,11.359999656677246,11.460000038146973,11.300000190734863,11.369999885559082,11.176568031311035,3601500,0.001,0.0134,0.0052,0.0007,0.0022,0.0052,0.0045,0.003,0.003
113,2018-06-14,11.270000457763672,11.34000015258789,11.1899995803833,11.220000267028809,11.029120445251465,4671300,0.0008,0.0,0.0016,0.0,0.0016,0.0016,0.0,0.0,0.0
114,2018-06-15,10.960000038146973,11.149999618530273,10.9399995803833,11.100000381469727,10.911161422729492,4681900,0.0018,0.0017,0.0094,0.0009,0.0034,0.0,0.0026,0.0,0.0034
115,2018-06-18,10.960000038146973,11.09000015258789,10.920000076293945,11.079999923706055,10.891501426696777,4495100,0.0008,0.0018,0.0036,0.0,0.0018,0.0,0.0,0.0,0.0018
116,2018-06-19,10.899999618530273,11.1899995803833,10.8100004196167,11.170000076293945,10.979970932006836,6547600,0.0016,0.0063,0.005,0.0,0.0019,0.005,0.0019,0.0012,0.0019
117,2018-06-20,11.119999885559082,11.170000076293945,11.079999923706055,11.079999923706055,10.891501426696777,2359300,0.0015,0.0067,0.0283,0.0,0.0027,0.0047,0.0034,0.004,0.002
118,2018-06-21,10.989999771118164,11.0,10.819999694824219,10.890000343322754,10.704734802246094,5438400,0.0044,0.0046,0.0251,0.0008,0.0097,0.0031,0.0031,0.0043,0.0082
119,2018-06-22,11.039999961853027,11.079999923706055,10.989999771118164,11.010000228881836,10.82269287109375,3457500,0.0015,0.0055,0.0193,0.0,0.0083,0.0028,0.0083,0.0046,0.0046
120,2018-06-25,10.890000343322754,10.920000076293945,10.8100004196167,10.890000343322754,10.704734802246094,3652300,0.0012,0.0,0.0,0.0,0.0008,0.0008,0.0,0.0008,0.0
121,2018-06-26,10.850000381469727,10.859999656677246,10.6899995803833,10.779999732971191,10.59660530090332,4243500,0.0008,0.0,0.0,0.0,0.0,0.0,0.0017,0.0017,0.0
122,2018-06-27,10.479999542236328,10.609999656677246,10.359999656677246,10.380000114440918,10.203410148620605,9562200,0.0023,0.0007,0.0127,0.0022,0.006,0.0007,0.0052,0.0015,0.003
123,2018-06-28,10.460000038146973,10.529999732971191,10.380000114440918,10.470000267028809,10.291879653930664,5782800,0.002,0.0,0.0,0.0,0.0,0.0,0.0,0.0,0.0
124,2018-06-29,10.649999618530273,10.8100004196167,10.619999885559082,10.619999885559082,10.439327239990234,5750200,0.0017,0.0089,0.0443,0.0016,0.0089,0.0064,0.0036,0.0093,0.0028
125,2018-07-02,10.569999694824219,10.6899995803833,10.529999732971191,10.640000343322754,10.45898723602295,5513000,0.0007,0.0022,0.0044,0.0,0.0,0.0022,0.0,0.0022,0.0022
126,2018-07-03,10.789999961853027,10.8100004196167,10.699999809265137,10.699999809265137,10.517966270446777,2371800,0.0013,0.0,0.0032,0.0,0.0022,0.0022,0.0011,0.0011,0.0022
127,2018-07-05,11.15999984741211,11.1899995803833,11.09000015258789,11.130000114440918,10.940650939941406,5834300,0.0009,0.003,0.003,0.0,0.0044,0.0089,0.0059,0.0015,0.003
128,2018-07-06,11.420000076293945,11.550000190734863,11.420000076293945,11.460000038146973,11.265036582946777,6942600,0.0018,0.0,0.0,0.0,0.0,0.0,0.0,0.0,0.0
129,2018-07-09,11.460000038146973,11.550000190734863,11.4399995803833,11.539999961853027,11.34367561340332,4405300,0.001,0.0,0.0,0.0,0.0,0.0,0.0,0.0,0.0
130,2018-07-10,11.40999984741211,11.449999809265137,11.350000381469727,11.430000305175781,11.23554801940918,4638200,0.0013,0.0,0.0,0.0,0.0,0.0,0.0,0.0,0.0
131,2018-07-11,11.270000457763672,11.319999694824219,11.119999885559082,11.149999618530273,10.960310935974121,5422800,0.0029,0.0044,0.0105,0.0015,0.0022,0.0026,0.0025,0.0004,0.0051
132,2018-07-12,11.119999885559082,11.220000267028809,11.079999923706055,11.199999809265137,11.00946044921875,4057700,0.0007,0.0027,0.0248,0.0041,0.0028,0.0014,0.0055,0.0,0.0069
133,2018-07-13,11.229999542236328,11.270000457763672,11.100000381469727,11.239999771118164,11.048779487609863,2725500,0.0011,0.0103,0.009,0.0026,0.0013,0.0077,0.0051,0.0026,0.0039
134,2018-07-16,11.949999809265137,12.199999809265137,11.930000305175781,12.140000343322754,11.93346881866455,17667700,0.002,0.006,0.0022,0.0,0.0016,0.0125,0.0065,0.0011,0.0125
135,2018-07-17,11.84000015258789,11.920000076293945,11.800000190734863,11.869999885559082,11.668062210083008,6890000,0.0009,0.0137,0.0055,0.0014,0.0069,0.0124,0.0096,0.0014,0.0069
136,2018-07-18,11.979999542236328,12.119999885559082,11.949999809265137,12.079999923706055,11.874488830566406,5493900,0.0025,0.0045,0.008,0.0004,0.0011,0.0015,0.0023,0.0008,0.0027
137,2018-07-19,12.020000457763672,12.0600004196167,11.90999984741211,12.020000457763672,11.815510749816895,5354800,0.001,0.006,0.0036,0.0,0.0,0.0012,0.0024,0.0,0.0012
138,2018-07-20,11.880000114440918,12.079999923706055,11.859999656677246,12.029999732971191,11.825339317321777,4881800,0.0019,0.0039,0.0302,0.0013,0.0007,0.0072,0.0138,0.002,0.0105
139,2018-07-23,12.100000381469727,12.1899995803833,12.09000015258789,12.180000305175781,11.972787857055664,6767300,0.0011,0.0011,0.0204,0.0011,0.0057,0.0,0.0057,0.0011,0.0057
140,2018-07-24,12.199999809265137,12.350000381469727,12.199999809265137,12.279999732971191,12.071086883544922,7631300,0.0007,0.0084,0.0063,0.001,0.0042,0.0084,0.0,0.0021,0.0
141,2018-07-25,12.079999923706055,12.180000305175781,11.949999809265137,12.180000305175781,11.972787857055664,7161800,0.0019,0.0,0.0,0.0,0.0,0.0,0.0,0.0,0.0
142,2018-07-26,12.300000190734863,12.329999923706055,12.1899995803833,12.199999809265137,11.992447853088379,4124000,0.0007,0.0047,0.0219,0.0,0.0219,0.0117,0.0023,0.0,0.0078
143,2018-07-27,12.350000381469727,12.4399995803833,12.300000190734863,12.420000076293945,12.208704948425293,6186500,0.0007,0.0,0.004,0.0,0.004,0.0,0.004,0.004,0.0
144,2018-07-30,12.710000038146973,12.899999618530273,12.6899995803833,12.789999961853027,12.572410583496094,8793300,0.0007,0.0046,0.0031,0.0,0.0062,0.0015,0.0015,0.0,0.0031
145,2018-07-31,13.170000076293945,13.170000076293945,13.0600004196167,13.0600004196167,12.837817192077637,6397500,0.001,0.0,0.0028,0.0,0.0,0.0,0.0,0.0,0.0
146,2018-08-01,12.949999809265137,13.039999961853027,12.869999885559082,12.949999809265137,12.72968864440918,4698500,0.0004,0.0,0.0022,0.0,0.0,0.0,0.0,0.0,0.0
147,2018-08-02,12.470000267028809,12.539999961853027,12.359999656677246,12.539999961853027,12.326663970947266,6120200,0.0004,0.0,0.0,0.0,0.0,0.0,0.0,0.0,0.0
148,2018-08-03,12.470000267028809,12.539999961853027,12.380000114440918,12.5,12.287343978881836,2517200,0.0015,0.0047,0.0218,0.0008,0.0062,0.0023,0.0031,0.0039,0.0023
149,2018-08-06,12.420000076293945,12.550000190734863,12.34000015258789,12.520000457763672,12.30700397491455,3699400,0.0005,0.0017,0.0288,0.0017,0.0102,0.0017,0.0068,0.0,0.0068
150,2018-08-07,12.6899995803833,12.720000267028809,12.600000381469727,12.619999885559082,12.405302047729492,2495300,0.0004,0.0,0.0,0.0,0.0,0.002,0.0061,0.002,0.002
151,2018-08-08,12.5600004196167,12.600000381469727,12.479999542236328,12.520000457763672,12.30700397491455,2837800,0.0004,0.004,0.0,0.0,0.0,0.0,0.0,0.002,0.0
152,2018-08-09,12.449999809265137,12.489999771118164,12.369999885559082,12.399999618530273,12.189044952392578,3288700,0.0005,0.0,0.0,0.0,0.0,0.0,0.0,0.0,0.0
153,2018-08-10,11.59000015258789,11.829999923706055,11.579999923706055,11.819999694824219,11.618912696838379,11367000,0.0008,0.0,0.0,0.0,0.0,0.0,0.0,0.0,0.0
154,2018-08-13,11.489999771118164,11.550000190734863,11.4399995803833,11.449999809265137,11.255207061767578,10259900,0.0016,0.0,0.0,0.0,0.0,0.0,0.0,0.0,0.0
155,2018-08-14,11.460000038146973,11.510000228881836,11.369999885559082,11.489999771118164,11.294526100158691,4532500,0.0012,0.0026,0.0119,0.0,0.0013,0.0026,0.0,0.0,0.0053
156,2018-08-15,11.109999656677246,11.210000038146973,11.050000190734863,11.1899995803833,10.999629974365234,6391700,0.0017,0.0013,0.0013,0.0,0.0013,0.0,0.0013,0.0,0.0
157,2018-08-16,11.239999771118164,11.300000190734863,11.199999809265137,11.210000038146973,11.01928997039795,4143100,0.001,0.0038,0.0038,0.0,0.0019,0.0038,0.0019,0.0,0.0
158,2018-08-17,11.09000015258789,11.220000267028809,11.0600004196167,11.199999809265137,11.00946044921875,3637100,0.0029,0.0,0.0038,0.0,0.0019,0.0014,0.0,0.0,0.0014
159,2018-08-20,11.140000343322754,11.229999542236328,11.119999885559082,11.220000267028809,11.029120445251465,3377400,0.0008,0.0087,0.0184,0.0,0.0054,0.0217,0.0087,0.0043,0.0
160,2018-08-21,11.470000267028809,11.59000015258789,11.420000076293945,11.539999961853027,11.34367561340332,4689800,0.0008,0.0011,0.0042,0.0,0.0032,0.0032,0.0,0.0,0.0
161,2018-08-22,11.609999656677246,11.640000343322754,11.539999961853027,11.609999656677246,11.412485122680664,3145400,0.0008,0.0,0.0014,0.0,0.0014,0.0042,0.0014,0.0,0.0
162,2018-08-23,11.350000381469727,11.40999984741211,11.300000190734863,11.300000190734863,11.107759475708008,3277300,0.0007,0.0,0.0,0.0,0.0,0.0,0.0,0.0,0.0
163,2018-08-24,11.40999984741211,11.430000305175781,11.329999923706055,11.390000343322754,11.19622802734375,2881500,0.0007,0.0,0.0079,0.0,0.004,0.0,0.0,0.004,0.0
164,2018-08-27,11.489999771118164,11.770000457763672,11.489999771118164,11.729999542236328,11.53044319152832,4817100,,,,,,,,,
165,2018-08-28,11.630000114440918,11.649999618530273,11.550000190734863,11.550000190734863,11.353506088256836,3292900,0.0006,0.0,0.0,0.0,0.0,0.0,0.0,0.0,0.0
166,2018-08-29,11.579999923706055,11.6899995803833,11.539999961853027,11.65999984741211,11.461634635925293,2215300,0.0007,0.0062,0.0015,0.0,0.0046,0.0062,0.0,0.0,0.0
167,2018-08-30,11.4399995803833,11.489999771118164,11.34000015258789,11.420000076293945,11.225717544555664,3809800,0.0011,0.0015,0.0007,0.0,0.0,0.0007,0.0015,0.0007,0.0007
168,2018-08-31,11.3100004196167,11.350000381469727,11.1899995803833,11.260000228881836,11.068439483642578,3254200,0.0026,0.0,0.0,0.0,0.0,0.0,0.0,0.0,0.0
169,2018-09-04,11.260000228881836,11.460000038146973,11.1899995803833,11.420000076293945,11.225717544555664,3729900,0.0007,0.0026,0.0051,0.0,0.0026,0.0026,0.0051,0.0026,0.0
170,2018-09-05,11.600000381469727,11.630000114440918,11.449999809265137,11.470000267028809,11.274867057800293,2962900,0.0007,0.0206,0.002,0.0,0.0039,0.0069,0.0059,0.0118,0.001
171,2018-09-06,11.40999984741211,11.470000267028809,11.3100004196167,11.380000114440918,11.18639850616455,3689900,0.0004,0.0023,0.0,0.0,0.0,0.0,0.0,0.0,0.0
172,2018-09-07,11.109999656677246,11.199999809265137,11.050000190734863,11.130000114440918,10.940650939941406,3632500,0.0016,0.0,0.0,0.0,0.0,0.0,0.0,0.0,0.0
173,2018-09-10,11.199999809265137,11.220000267028809,11.09000015258789,11.109999656677246,10.920990943908691,2486300,0.0007,0.0,0.0119,0.0,0.0013,0.0,0.0,0.0,0.0
174,2018-09-11,10.989999771118164,11.239999771118164,10.970000267028809,11.239999771118164,11.048779487609863,8143000,0.0012,0.0,0.0,0.0,0.0,0.0,0.0,0.0,0.0
175,2018-09-12,11.020000457763672,11.34000015258789,10.989999771118164,11.239999771118164,11.048779487609863,10676300,0.0012,0.0,0.0058,0.0,0.0038,0.0019,0.0077,0.0058,0.0077
176,2018-09-13,11.430000305175781,11.529999732971191,11.3100004196167,11.359999656677246,11.16673755645752,3963400,0.0012,0.0,0.0107,0.0,0.0033,0.0027,0.0094,0.0047,0.0134
177,2018-09-14,11.300000190734863,11.420000076293945,11.289999961853027,11.399999618530273,11.20605754852295,2203700,0.0017,0.0,0.0217,0.0025,0.0017,0.0,0.0075,0.0,0.01
178,2018-09-17,11.460000038146973,11.5600004196167,11.460000038146973,11.510000228881836,11.314187049865723,2540700,0.0011,0.0,0.0247,0.0,0.0034,0.0022,0.0022,0.0034,0.0022
179,2018-09-18,11.510000228881836,11.630000114440918,11.510000228881836,11.579999923706055,11.38299560546875,1990400,0.0009,0.0,0.0109,0.0,0.0036,0.0,0.0,0.0012,0.0
180,2018-09-19,11.680000305175781,12.010000228881836,11.670000076293945,11.949999809265137,11.746700286865234,4896700,0.0017,0.0,0.0,0.0,0.0,0.0,0.0,0.0,0.0
181,2018-09-20,12.220000267028809,12.350000381469727,12.15999984741211,12.25,12.041597366333008,5555600,0.0012,0.0066,0.0161,0.0019,0.0038,0.0024,0.0038,0.0095,0.0028
182,2018-09-21,12.229999542236328,12.399999618530273,12.149999618530273,12.34000015258789,12.13006591796875,7139500,0.0007,0.0,0.0031,0.0,0.0031,0.0,0.0,0.0,0.0
183,2018-09-24,12.5,12.520000457763672,12.229999542236328,12.239999771118164,12.031766891479492,3688200,0.0018,0.0095,0.013,0.0,0.0035,0.012,0.001,0.0025,0.003
184,2018-09-25,12.34000015258789,12.359999656677246,12.130000114440918,12.149999618530273,11.94329833984375,2886800,0.0014,0.011,0.0167,0.0,0.0063,0.0156,0.0042,0.0021,0.0057
185,2018-09-26,12.029999732971191,12.0600004196167,11.899999618530273,11.899999618530273,11.697550773620605,3046200,0.0012,0.006,0.001,0.0,0.001,0.005,0.002,0.002,0.001
186,2018-09-27,11.859999656677246,11.970000267028809,11.789999961853027,11.8100004196167,11.60908317565918,3011900,0.001,0.0,0.0,0.0,0.0,0.0,0.0,0.0,0.0
187,2018-09-28,11.359999656677246,11.489999771118164,11.329999923706055,11.359999656677246,11.16673755645752,4750700,0.0016,0.0044,0.001,0.0,0.0,0.001,0.0019,0.0014,0.0019
188,2018-10-01,11.300000190734863,11.350000381469727,11.1899995803833,11.25,11.058609962463379,5698100,0.0014,0.0038,0.0014,0.0,0.0005,0.001,0.001,0.001,0.001
189,2018-10-02,11.149999618530273,11.15999984741211,11.020000457763672,11.130000114440918,10.940650939941406,3377500,0.0007,0.0052,0.0026,0.0017,0.0009,0.0017,0.0017,0.0017,0.0034
190,2018-10-03,11.220000267028809,11.350000381469727,11.1899995803833,11.319999694824219,11.127418518066406,3722600,0.0008,0.004,0.0013,0.0,0.0013,0.0013,0.0026,0.0,0.0
191,2018-10-04,11.34000015258789,11.399999618530273,11.09000015258789,11.199999809265137,11.00946044921875,5948900,0.0009,0.0,0.0017,0.0,0.0,0.0017,0.0,0.0017,0.0
192,2018-10-05,11.260000228881836,11.260000228881836,11.079999923706055,11.119999885559082,10.930821418762207,3559500,0.0009,0.0,0.0038,0.0,0.0013,0.0,0.0038,0.0,0.0
193,2018-10-08,10.949999809265137,11.079999923706055,10.920000076293945,11.050000190734863,10.862011909484863,3375200,0.001,0.0,0.0017,0.0,0.0017,0.0,0.0,0.0,0.0
194,2018-10-09,10.9399995803833,11.09000015258789,10.869999885559082,11.029999732971191,10.842351913452148,2949400,0.0006,0.0,0.0,0.0,0.0,0.0,0.0023,0.0,0.0
195,2018-10-10,11.170000076293945,11.1899995803833,10.90999984741211,10.920000076293945,10.734223365783691,3928200,0.0005,0.0,0.0,0.0,0.0,0.0,0.0,0.0,0.0
196,2018-10-11,11.020000457763672,11.050000190734863,10.800000190734863,10.829999923706055,10.64575481414795,7650200,0.0013,0.009,0.0,0.0,0.0,0.0,0.0,0.0,0.0
197,2018-10-12,11.0,11.020000457763672,10.720000267028809,10.84000015258789,10.655585289001465,4014700,0.0014,0.0,0.0,0.0,0.0,0.0,0.0,0.0,0.0
198,2018-10-15,10.989999771118164,11.130000114440918,10.960000038146973,11.029999732971191,10.842351913452148,4591600,0.0007,0.0,0.0,0.0,0.0,0.0,0.0,0.0,0.0
199,2018-10-16,11.140000343322754,11.199999809265137,11.079999923706055,11.15999984741211,10.97014045715332,3349300,0.0004,0.0279,0.0037,0.0,0.0037,0.0,0.0037,0.0037,0.0
200,2018-10-17,11.289999961853027,11.430000305175781,11.210000038146973,11.260000228881836,11.068439483642578,4259200,0.001,0.0039,0.0039,0.0,0.0039,0.0,0.0039,0.0,0.0
201,2018-10-18,11.229999542236328,11.279999732971191,10.90999984741211,10.970000267028809,10.783373832702637,6984100,0.0011,0.0148,0.0408,0.0,0.0136,0.0198,0.0,0.0,0.0
202,2018-10-19,10.859999656677246,11.09000015258789,10.8100004196167,10.920000076293945,10.734223365783691,6011400,0.0032,0.0,0.0014,0.0003,0.0024,0.0017,0.0007,0.0003,0.0
203,2018-10-22,10.859999656677246,10.880000114440918,10.699999809265137,10.720000267028809,10.537626266479492,4188100,0.0003,0.0124,0.0025,0.0,0.0,0.0025,0.0025,0.0025,0.0025
204,2018-10-23,10.640000343322754,10.789999961853027,10.579999923706055,10.699999809265137,10.517966270446777,5965400,0.0011,0.0034,0.0027,0.0,0.0021,0.0027,0.0028,0.0014,0.0021
205,2018-10-24,10.319999694824219,10.34000015258789,10.0,10.0,9.829874992370605,11900200,0.0022,0.0,0.0,0.0,0.0,0.0,0.0,0.0,0.0
206,2018-10-25,10.0600004196167,10.069999694824219,9.949999809265137,10.0,9.829874992370605,8577400,0.0013,0.0047,0.0299,0.003,0.0073,0.0094,0.0064,0.0038,0.0009
207,2018-10-26,9.720000267028809,9.779999732971191,9.600000381469727,9.670000076293945,9.505489349365234,6821700,0.0004,0.0044,0.0222,0.0044,0.0044,0.0044,0.0,0.0044,0.0
208,2018-10-29,9.84000015258789,9.859999656677246,9.600000381469727,9.640000343322754,9.47599983215332,5843800,0.0003,0.0,0.0089,0.0044,0.0,0.0,0.0,0.0044,0.0
209,2018-10-30,9.789999961853027,9.84000015258789,9.649999618530273,9.739999771118164,9.574297904968262,4905700,0.0001,0.0,0.0,0.0,0.0,0.0,0.0,0.0,0.0
210,2018-10-31,9.770000457763672,9.869999885559082,9.739999771118164,9.770000457763672,9.603788375854492,4577200,0.0012,0.0,0.0038,0.0,0.0,0.0013,0.0,0.0,0.0025
211,2018-11-01,10.15999984741211,10.300000190734863,10.100000381469727,10.25,10.07562255859375,7276900,0.0007,0.0,0.0,0.0,0.0,0.0,0.0,0.0,0.0
212,2018-11-02,10.520000457763672,10.579999923706055,10.399999618530273,10.520000457763672,10.341029167175293,7081300,0.0017,0.0037,0.0162,0.0,0.0059,0.0066,0.0059,0.011,0.0081
213,2018-11-05,10.5,10.550000190734863,10.420000076293945,10.460000038146973,10.282049179077148,2808900,0.0012,0.0,0.0039,0.0,0.0,0.0006,0.0006,0.0019,0.0013
214,2018-11-06,10.359999656677246,10.449999809265137,10.3100004196167,10.4399995803833,10.262389183044434,2828200,0.0013,0.0022,0.0033,0.0,0.0011,0.0,0.0006,0.0017,0.0
215,2018-11-07,10.600000381469727,10.640000343322754,10.470000267028809,10.609999656677246,10.429497718811035,3320600,0.0012,0.0036,0.0018,0.0,0.0006,0.0018,0.0018,0.0,0.0006
216,2018-11-08,10.5600004196167,10.619999885559082,10.300000190734863,10.34000015258789,10.164091110229492,3444600,0.0004,0.0,0.0096,0.0,0.0032,0.0,0.0,0.0032,0.0
217,2018-11-09,10.25,10.270000457763672,10.0600004196167,10.119999885559082,9.947834014892578,3218800,0.0003,0.0,0.0,0.0,0.0,0.0,0.0,0.0,0.0
218,2018-11-12,9.949999809265137,9.960000038146973,9.720000267028809,9.729999542236328,9.564468383789062,6436900,0.0012,0.0,0.0,0.0,0.0,0.0,0.0,0.0,0.0
219,2018-11-13,9.800000190734863,9.970000267028809,9.800000190734863,9.859999656677246,9.692256927490234,4386800,0.0004,0.0049,0.0066,0.0049,0.0033,0.0033,0.0049,0.0049,0.0066
220,2018-11-14,10.020000457763672,10.029999732971191,9.729999542236328,9.869999885559082,9.702086448669434,3322600,0.0011,0.0007,0.0007,0.0,0.0,0.0026,0.0007,0.0026,0.0007
221,2018-11-15,9.720000267028809,9.90999984741211,9.65999984741211,9.899999618530273,9.731575965881348,3794000,0.0014,0.0,0.0012,0.0,0.0006,0.0,0.0,0.0012,0.0
222,2018-11-16,9.770000457763672,9.890000343322754,9.720000267028809,9.8100004196167,9.643108367919922,3238600,0.0013,0.0016,0.0016,0.0,0.0,0.0016,0.0033,0.0,0.0
223,2018-11-19,9.779999732971191,9.899999618530273,9.720000267028809,9.779999732971191,9.613617897033691,3843200,0.0009,0.0,0.0,0.0,0.0,0.0,0.0,0.0,0.0
224,2018-11-20,9.420000076293945,9.449999809265137,9.199999809265137,9.229999542236328,9.07297420501709,9329700,0.001,0.0,0.0163,0.005,0.0063,0.0,0.0025,0.0025,0.0138
225,2018-11-21,9.40999984741211,9.520000457763672,9.359999656677246,9.4399995803833,9.279401779174805,3658600,0.0007,0.0027,0.0219,0.0082,0.0068,0.0014,0.0055,0.0041,0.0233
226,2018-11-23,9.279999732971191,9.34000015258789,9.239999771118164,9.25,9.092634201049805,2568400,0.0028,0.0011,0.0005,0.0,0.0005,0.0005,0.0005,0.0,0.0011
227,2018-11-26,9.569999694824219,9.75,9.5600004196167,9.729999542236328,9.564468383789062,8449200,0.0007,0.0017,0.0069,0.0,0.0017,0.0035,0.0069,0.0017,0.0035
228,2018-11-27,9.75,9.859999656677246,9.710000038146973,9.84000015258789,9.67259693145752,4420500,0.0017,0.0041,0.0062,0.0,0.001,0.0031,0.0041,0.001,0.0021
229,2018-11-28,9.779999732971191,9.890000343322754,9.630000114440918,9.890000343322754,9.721747398376465,4237600,0.0004,0.0156,0.0213,0.0,0.0028,0.0114,0.0114,0.0028,0.0085
230,2018-11-29,9.569999694824219,9.600000381469727,9.359999656677246,9.420000076293945,9.259742736816406,11468000,0.0025,0.0,0.0,0.0,0.0,0.0,0.0,0.0,0.0
231,2018-11-30,9.15999984741211,9.1899995803833,9.100000381469727,9.15999984741211,9.004165649414062,6697900,0.0012,0.0006,0.0229,0.0011,0.0029,0.0092,0.0011,0.0,0.0052
232,2018-12-03,9.470000267028809,9.5,9.380000114440918,9.390000343322754,9.230253219604492,5628000,0.0004,0.0,0.0315,0.0023,0.0023,0.0,0.0,0.0,0.0022
233,2018-12-04,9.289999961853027,9.3100004196167,9.020000457763672,9.0600004196167,8.905867576599121,6670000,0.0013,0.0,0.0007,0.0,0.0,0.0,0.0,0.0007,0.0007
234,2018-12-06,8.869999885559082,8.930000305175781,8.729999542236328,8.899999618530273,8.748588562011719,11253900,0.0007,0.0025,0.0203,0.0,0.0051,0.0,0.0,0.0,0.0051
235,2018-12-07,8.920000076293945,8.979999542236328,8.699999809265137,8.729999542236328,8.581480979919434,5797600,0.0006,0.0029,0.0279,0.0,0.0077,0.0,0.0,0.001,0.0058
236,2018-12-10,8.6899995803833,8.729999542236328,8.229999542236328,8.380000114440918,8.237435340881348,10546300,0.0004,0.0109,0.0027,0.0,0.0027,0.0109,0.0054,0.0082,0.0
237,2018-12-11,8.5600004196167,8.579999923706055,8.3100004196167,8.329999923706055,8.188285827636719,6399200,0.0006,0.0034,0.0017,0.0,0.0,0.0017,0.0017,0.0,0.0
238,2018-12-12,8.550000190734863,9.170000076293945,8.470000267028809,9.029999732971191,8.87637710571289,19017800,0.0014,0.0,0.0,0.0,0.0,0.0,0.0,0.0,0.0
239,2018-12-13,8.84000015258789,8.949999809265137,8.8100004196167,8.869999885559082,8.719099044799805,6442900,0.0008,0.0,0.033,0.003,0.003,0.005,0.006,0.001,0.004
240,2018-12-14,8.779999732971191,8.90999984741211,8.75,8.800000190734863,8.650290489196777,4706100,0.0016,0.0,0.0,0.0,0.0,0.0,0.0,0.0,0.0
241,2018-12-17,8.729999542236328,8.760000228881836,8.569999694824219,8.600000381469727,8.453693389892578,6019600,0.0005,0.0037,0.0,0.0,0.0,0.0019,0.0019,0.0,0.0
242,2018-12-18,8.770000457763672,8.829999923706055,8.619999885559082,8.6899995803833,8.542160987854004,4683300,0.0011,0.0,0.0116,0.0009,0.0027,0.0027,0.0027,0.0018,0.0045
243,2018-12-19,8.739999771118164,8.770000457763672,8.34000015258789,8.369999885559082,8.227605819702148,7190500,0.0003,0.0,0.0,0.0,0.0038,0.0,0.0,0.0038,0.0
244,2018-12-20,8.09000015258789,8.149999618530273,7.96999979019165,8.0600004196167,7.922879695892334,11052400,0.0034,0.0036,0.0149,0.0,0.0025,0.0028,0.0011,0.002,0.0008
245,2018-12-21,7.980000019073486,8.09000015258789,7.840000152587891,7.869999885559082,7.736111640930176,8671200,0.0022,0.0054,0.024,0.0,0.0023,0.0039,0.0015,0.0023,0.0
246,2018-12-24,7.869999885559082,7.940000057220459,7.760000228881836,7.909999847412109,7.775431156158447,6395500,0.0006,0.0,0.0,0.0,0.0,0.0,0.0,0.0,0.0
247,2018-12-26,7.909999847412109,8.170000076293945,7.71999979019165,8.15999984741211,8.021178245544434,6902300,,,,,,,,,
248,2018-12-27,7.75,7.829999923706055,7.619999885559082,7.809999942779541,7.677132606506348,13975800,0.0014,0.0,0.0138,0.0,0.0046,0.0031,0.0046,0.0015,0.0031
249,2018-12-28,7.980000019073486,8.15999984741211,7.929999828338623,8.050000190734863,7.913049697875977,6150600,0.0015,0.0039,0.0208,0.0,0.0039,0.0039,0.0078,0.0026,0.0052
250,2018-12-31,8.210000038146973,8.289999961853027,8.020000457763672,8.149999618530273,8.011347770690918,5801700,0.0002,0.0,0.0,0.0,0.0,0.0,0.0,0.0,0.0
251,2019-01-02,7.869999885559082,8.199999809265137,7.860000133514404,8.199999809265137,8.060497283935547,7039100,0.0009,0.0,0.0,0.0,0.0,0.0,0.0,0.0,0.0
252,2019-01-03,8.15999984741211,8.180000305175781,8.050000190734863,8.09000015258789,7.952369213104248,5471200,0.0008,0.0,0.0165,0.0,0.0124,0.0062,0.0083,0.0124,0.0083
253,2019-01-04,8.329999923706055,8.539999961853027,8.289999961853027,8.520000457763672,8.375054359436035,4845100,0.0002,0.0,0.0,0.0,0.0,0.0,0.0,0.0,0.0
254,2019-01-07,8.579999923706055,8.75,8.520000457763672,8.699999809265137,8.55199146270752,5661700,0.0003,0.0048,0.0096,0.0048,0.0096,0.0048,0.0048,0.0048,0.0048
255,2019-01-08,8.890000343322754,8.899999618530273,8.680000305175781,8.739999771118164,8.591310501098633,4386300,0.0004,0.0,0.0207,0.0,0.0,0.0,0.0,0.0,0.0
256,2019-01-09,8.609999656677246,8.670000076293945,8.479999542236328,8.5600004196167,8.414373397827148,3805700,0.0005,0.0033,0.0065,0.0,0.0065,0.0,0.0,0.0,0.0033
257,2019-01-10,8.510000228881836,8.640000343322754,8.479999542236328,8.609999656677246,8.463521957397461,2943300,0.0013,0.0,0.0052,0.0,0.0017,0.0,0.0,0.0,0.0
258,2019-01-11,8.529999732971191,8.619999885559082,8.479999542236328,8.5600004196167,8.414373397827148,3844600,0.0012,0.0,0.007,0.0,0.0087,0.0,0.0018,0.0,0.0
259,2019-01-14,8.4399995803833,8.630000114440918,8.4399995803833,8.579999923706055,8.434032440185547,2845900,0.0002,0.0,0.0054,0.0,0.0108,0.0,0.0054,0.0,0.0054
260,2019-01-15,8.520000457763672,8.630000114440918,8.470000267028809,8.630000114440918,8.483182907104492,5264200,0.0002,0.0,0.0,0.0,0.0,0.0,0.0,0.0,0.0
261,2019-01-16,8.899999618530273,9.329999923706055,8.880000114440918,9.289999961853027,9.131954193115234,14131500,0.0011,0.0032,0.0,0.0,0.0032,0.0032,0.0032,0.0,0.0
262,2019-01-17,8.960000038146973,8.979999542236328,8.84000015258789,8.920000076293945,8.768248558044434,7338500,0.0004,0.0,0.0096,0.0032,0.0064,0.0,0.016,0.0,0.0128
263,2019-01-18,9.079999923706055,9.140000343322754,9.0,9.140000343322754,8.984506607055664,6793300,0.0003,0.0045,0.0045,0.0,0.0045,0.0,0.0,0.0,0.0
264,2019-01-22,8.859999656677246,8.970000267028809,8.84000015258789,8.850000381469727,8.699440002441406,3407100,0.0008,0.0,0.0,0.0,0.002,0.0,0.0,0.002,0.002
265,2019-01-23,9.0600004196167,9.109999656677246,8.979999542236328,9.050000190734863,8.896037101745605,3862700,0.0021,0.0,0.0027,0.0,0.0,0.0,0.0,0.0,0.0005
266,2019-01-24,8.880000114440918,8.90999984741211,8.779999732971191,8.859999656677246,8.709269523620605,3007200,0.0007,0.0,0.0,0.0,0.0,0.0,0.0,0.0,0.0
267,2019-01-25,9.119999885559082,9.34000015258789,9.119999885559082,9.239999771118164,9.082804679870605,4561800,0.0007,0.0,0.0,0.0,0.0,0.0,0.0029,0.0,0.0029
268,2019-01-28,9.229999542236328,9.279999732971191,9.180000305175781,9.270000457763672,9.112295150756836,3612900,0.0004,0.0,0.0087,0.0,0.0087,0.0043,0.0,0.0,0.0
269,2019-01-29,9.270000457763672,9.359999656677246,9.220000267028809,9.229999542236328,9.07297420501709,3155000,0.0008,0.0,0.0,0.0,0.0,0.0,0.0,0.0,0.0
270,2019-01-30,9.220000267028809,9.34000015258789,9.170000076293945,9.289999961853027,9.131954193115234,2826000,0.0012,0.0,0.0,0.0,0.0,0.0,0.0,0.0,0.0
271,2019-01-31,8.84000015258789,8.899999618530273,8.779999732971191,8.880000114440918,8.72892951965332,9427600,0.0013,0.0046,0.0082,0.0015,0.0067,0.0051,0.0041,0.0026,0.0041
272,2019-02-01,8.579999923706055,8.930000305175781,8.569999694824219,8.850000381469727,8.699440002441406,12558900,0.0035,0.0,0.0,0.0,0.0,0.0,0.0,0.0,0.0
273,2019-02-04,8.699999809265137,8.800000190734863,8.630000114440918,8.800000190734863,8.650290489196777,4122000,0.0029,0.0035,0.0208,0.0035,0.005,0.0011,0.0022,0.0041,0.0032
274,2019-02-05,8.859999656677246,8.920000076293945,8.829999923706055,8.899999618530273,8.748588562011719,3872100,0.0006,0.0025,0.0,0.0,0.0,0.0,0.0,0.0,0.0
275,2019-02-06,8.869999885559082,8.989999771118164,8.869999885559082,8.949999809265137,8.797738075256348,2495600,0.0011,0.0,0.0,0.0,0.0,0.0,0.0,0.0,0.0
276,2019-02-07,8.6899995803833,8.699999809265137,8.329999923706055,8.359999656677246,8.217775344848633,8587400,0.0001,0.0,0.0,0.0,0.0,0.0,0.0,0.0,0.0
277,2019-02-08,8.199999809265137,8.220000267028809,8.039999961853027,8.1899995803833,8.050667762756348,7256000,0.0005,0.0062,0.0021,0.0,0.0,0.0021,0.0021,0.0021,0.0021
278,2019-02-11,8.300000190734863,8.350000381469727,8.270000457763672,8.319999694824219,8.17845630645752,4371200,0.0002,0.0071,0.0106,0.0,0.0035,0.0142,0.0071,0.0035,0.0
279,2019-02-12,8.460000038146973,8.550000190734863,8.460000038146973,8.539999961853027,8.394713401794434,3353700,0.0003,0.0071,0.0213,0.0036,0.0142,0.0036,0.0178,0.0,0.0107
280,2019-02-13,8.579999923706055,8.630000114440918,8.520000457763672,8.539999961853027,8.394713401794434,3023600,0.0005,0.0107,0.0036,0.0,0.0,0.0024,0.0024,0.0024,0.0024
281,2019-02-14,8.34000015258789,8.40999984741211,8.279999732971191,8.34000015258789,8.198116302490234,3756300,0.0003,0.014,0.0115,0.0,0.0076,0.0268,0.0,0.0,0.0
282,2019-02-15,8.609999656677246,8.800000190734863,8.59000015258789,8.800000190734863,8.650290489196777,5861400,0.0003,0.0,0.0,0.0,0.0,0.0,0.0,0.0,0.0
283,2019-02-19,8.510000228881836,8.619999885559082,8.479999542236328,8.609999656677246,8.463521957397461,4876800,0.0002,0.0,0.0,0.0,0.0,0.0,0.0,0.0,0.0
284,2019-02-20,8.640000343322754,8.760000228881836,8.630000114440918,8.739999771118164,8.591310501098633,3601500,0.0005,0.0039,0.046,0.0039,0.011,0.0091,0.0045,0.0006,0.0156
285,2019-02-21,8.699999809265137,8.729999542236328,8.640000343322754,8.65999984741211,8.51267147064209,2760700,0.0003,0.0,0.0461,0.0041,0.0092,0.0082,0.0051,0.001,0.0154
286,2019-02-22,8.739999771118164,8.739999771118164,8.609999656677246,8.649999618530273,8.50284194946289,2297200,0.0002,0.0,0.0055,0.0,0.011,0.0,0.0,0.0,0.0
287,2019-02-25,8.8100004196167,8.880000114440918,8.760000228881836,8.770000457763672,8.620800971984863,4324900,0.0006,0.0,0.0,0.0,0.0033,0.0,0.0,0.0,0.0033
288,2019-02-26,8.859999656677246,8.9399995803833,8.850000381469727,8.920000076293945,8.768248558044434,3523400,0.0012,0.0039,0.0,0.0,0.0013,0.0033,0.0033,0.0,0.0013
289,2019-02-27,9.029999732971191,9.149999618530273,9.0,9.109999656677246,8.955016136169434,5233600,0.0004,0.0016,0.0064,0.0,0.0032,0.0064,0.0032,0.0,0.0064
290,2019-02-28,9.279999732971191,9.359999656677246,9.229999542236328,9.239999771118164,9.082804679870605,5318900,0.0005,0.0,0.0,0.0,0.0,0.0,0.0,0.0,0.0
291,2019-03-01,9.390000343322754,9.470000267028809,9.270000457763672,9.289999961853027,9.131954193115234,3363800,0.0004,0.0,0.0031,0.0,0.0,0.0,0.0,0.0,0.0124
292,2019-03-04,9.319999694824219,9.329999923706055,9.069999694824219,9.199999809265137,9.043484687805176,5243000,0.0005,0.0,0.0037,0.0,0.0073,0.0,0.0,0.0,0.0
293,2019-03-05,9.140000343322754,9.170000076293945,9.010000228881836,9.15999984741211,9.004165649414062,2621700,0.0005,0.0024,0.0185,0.0024,0.0049,0.0086,0.0037,0.0061,0.005
294,2019-03-06,9.239999771118164,9.270000457763672,9.149999618530273,9.170000076293945,9.013996124267578,3166700,0.001,0.0034,0.0192,0.002,0.0074,0.0064,0.0059,0.0059,0.0059
295,2019-03-07,8.850000381469727,8.880000114440918,8.630000114440918,8.65999984741211,8.51267147064209,7621800,0.0004,0.0,0.0063,0.0,0.0063,0.0,0.0,0.0,0.0
296,2019-03-08,8.5600004196167,8.65999984741211,8.5600004196167,8.640000343322754,8.493012428283691,3061200,0.0003,0.0,0.0,0.0,0.0,0.0,0.0,0.0,0.0
297,2019-03-11,9.0,9.149999618530273,8.989999771118164,9.119999885559082,8.964845657348633,8807700,0.0014,0.0006,0.0229,0.0,0.0059,0.007,0.0129,0.0065,0.0135
298,2019-03-12,8.920000076293945,8.970000267028809,8.800000190734863,8.859999656677246,8.709269523620605,5442700,0.001,0.0,0.0226,0.0,0.0062,0.001,0.0062,0.001,0.0062
299,2019-03-13,8.960000038146973,9.0600004196167,8.930000305175781,9.0600004196167,8.905867576599121,3636800,0.0008,0.0017,0.0034,0.0034,0.0017,0.0017,0.0,0.0,0.0
300,2019-03-14,8.960000038146973,8.989999771118164,8.869999885559082,8.90999984741211,8.758419036865234,3831300,0.0003,0.0,0.0032,0.0,0.0032,0.0,0.0,0.0,0.0
301,2019-03-15,8.859999656677246,8.899999618530273,8.800000190734863,8.880000114440918,8.72892951965332,3588200,0.0004,0.0,0.0,0.0,0.0034,0.0,0.0034,0.0,0.0
302,2019-03-18,9.220000267028809,9.3100004196167,9.1899995803833,9.260000228881836,9.10246467590332,8077900,0.0017,0.0094,0.0225,0.0017,0.0055,0.0145,0.0128,0.0081,0.0187
303,2019-03-19,9.109999656677246,9.130000114440918,9.010000228881836,9.050000190734863,8.896037101745605,5657000,0.0008,0.0046,0.0139,0.0,0.0035,0.0128,0.0139,0.0012,0.0116
304,2019-03-20,8.859999656677246,8.930000305175781,8.760000228881836,8.779999732971191,8.630630493164062,7849100,0.0004,0.0027,0.0134,0.0,0.0108,0.0027,0.0,0.0,0.0
305,2019-03-21,8.5,8.520000457763672,8.420000076293945,8.430000305175781,8.286584854125977,7016600,0.0022,0.0047,0.0057,0.0,0.0075,0.0057,0.0009,0.0,0.0
306,2019-03-22,8.319999694824219,8.350000381469727,8.180000305175781,8.210000038146973,8.070327758789062,6528500,0.0042,0.0059,0.0055,0.0,0.0039,0.0068,0.0016,0.0007,0.0065
307,2019-03-25,8.15999984741211,8.220000267028809,8.100000381469727,8.170000076293945,8.031007766723633,8126900,0.002,0.0039,0.0253,0.0,0.0058,0.0033,0.0045,0.0097,0.0052
308,2019-03-26,8.149999618530273,8.319999694824219,8.149999618530273,8.279999732971191,8.13913631439209,6966200,0.0004,0.0026,0.0129,0.0,0.0052,0.0026,0.0026,0.0,0.0026
309,2019-03-27,8.569999694824219,8.640000343322754,8.399999618530273,8.460000038146973,8.31607437133789,6264700,0.0003,0.0026,0.0026,0.0,0.013,0.0078,0.0,0.0,0.0
310,2019-03-28,8.170000076293945,8.210000038146973,8.109999656677246,8.1899995803833,8.050667762756348,11898300,0.001,0.0,0.0,0.0,0.0,0.0,0.0,0.0,0.0
311,2019-03-29,8.210000038146973,8.220000267028809,8.079999923706055,8.119999885559082,7.981858730316162,6342200,0.0009,0.0,0.0182,0.0024,0.0047,0.0071,0.0198,0.0206,0.0206
312,2019-04-01,8.329999923706055,8.550000190734863,8.329999923706055,8.550000190734863,8.40454387664795,7807100,0.0003,0.0,0.0025,0.0,0.0,0.0,0.0,0.0025,0.0
313,2019-04-02,8.539999961853027,8.579999923706055,8.470000267028809,8.5,8.35539436340332,4754200,0.0003,0.0,0.0022,0.0,0.0108,0.0043,0.0,0.0,0.0
314,2019-04-03,8.600000381469727,8.649999618530273,8.539999961853027,8.59000015258789,8.443862915039062,5370600,0.0005,0.0,0.0,0.0,0.0036,0.0,0.0036,0.0072,0.0
315,2019-04-04,8.470000267028809,8.5600004196167,8.40999984741211,8.5,8.35539436340332,5605800,0.0014,0.0072,0.015,0.0,0.0104,0.0176,0.0085,0.0007,0.0098
316,2019-04-05,8.460000038146973,8.5,8.350000381469727,8.350000381469727,8.207945823669434,3678200,0.0003,0.0,0.0,0.0,0.0,0.0,0.0,0.0,0.0
317,2019-04-08,8.300000190734863,8.34000015258789,8.229999542236328,8.319999694824219,8.17845630645752,4820800,0.0003,0.0,0.0,0.0,0.0,0.0,0.0,0.0,0.0
318,2019-04-09,8.289999961853027,8.289999961853027,8.210000038146973,8.239999771118164,8.099817276000977,3607400,0.0004,0.0,0.0,0.0,0.0,0.0,0.0,0.0,0.0
319,2019-04-10,8.229999542236328,8.25,8.119999885559082,8.210000038146973,8.070327758789062,5166500,0.0005,0.0021,0.0129,0.0,0.0064,0.0,0.0064,0.0,0.0064
320,2019-04-11,8.350000381469727,8.5,8.3100004196167,8.390000343322754,8.247265815734863,5381400,0.0002,0.0,0.0,0.0,0.0,0.0,0.0,0.0,0.0
321,2019-04-12,8.670000076293945,8.75,8.579999923706055,8.609999656677246,8.463521957397461,5602300,0.0004,0.0,0.0,0.0,0.0,0.0,0.0,0.0,0.0
322,2019-04-15,8.75,8.770000457763672,8.600000381469727,8.640000343322754,8.493012428283691,4915700,0.0006,0.0071,0.0059,0.0,0.0071,0.0142,0.0306,0.0035,0.0177
323,2019-04-16,8.770000457763672,8.880000114440918,8.729999542236328,8.869999885559082,8.719099044799805,5743200,0.0008,0.0075,0.0415,0.0,0.0021,0.0032,0.0043,0.0021,0.0053
324,2019-04-17,8.949999809265137,8.979999542236328,8.84000015258789,8.930000305175781,8.77807903289795,6183300,0.0008,0.0,0.0076,0.0019,0.0,0.0,0.0,0.0,0.0
325,2019-04-18,8.829999923706055,8.859999656677246,8.75,8.779999732971191,8.630630493164062,3712500,0.0013,0.0,0.0,0.0,0.0,0.0,0.0,0.0,0.0
326,2019-04-22,8.699999809265137,8.779999732971191,8.680000305175781,8.75,8.601140975952148,2035200,0.0001,0.0588,0.0,0.0,0.0196,0.0196,0.0,0.0,0.0196
327,2019-04-23,8.619999885559082,8.670000076293945,8.5,8.539999961853027,8.394713401794434,9599100,0.0009,0.0133,0.055,0.0,0.0243,0.0139,0.0116,0.0116,0.0104
328,2019-04-24,8.520000457763672,8.569999694824219,8.420000076293945,8.5,8.35539436340332,5034400,0.0004,0.0105,0.0571,0.0,0.0255,0.0114,0.0132,0.0105,0.0114
329,2019-04-25,8.380000114440918,8.430000305175781,8.210000038146973,8.350000381469727,8.207945823669434,7283800,0.0023,0.0,0.0,0.0,0.0,0.0,0.0,0.0,0.0
330,2019-04-26,8.140000343322754,8.220000267028809,8.079999923706055,8.1899995803833,8.050667762756348,4818000,0.0023,0.0,0.0,0.0,0.0,0.0,0.0,0.0,0.0
331,2019-04-29,8.1899995803833,8.319999694824219,8.140000343322754,8.319999694824219,8.17845630645752,4494400,0.0008,0.0159,0.0361,0.0014,0.0231,0.0116,0.0072,0.013,0.0058
332,2019-04-30,8.329999923706055,8.350000381469727,8.239999771118164,8.279999732971191,8.13913631439209,2539600,0.001,0.0009,0.0411,0.0009,0.0,0.0051,0.0103,0.0009,0.0051
333,2019-05-01,8.289999961853027,8.369999885559082,8.149999618530273,8.149999618530273,8.011347770690918,3354900,0.0006,0.0013,0.029,0.0,0.0,0.0,0.0158,0.0013,0.0092
334,2019-05-02,8.279999732971191,8.300000190734863,8.199999809265137,8.220000267028809,8.080157279968262,2711600,0.0009,0.0031,0.0093,0.0,0.0,0.0047,0.0078,0.0,0.0078
335,2019-05-03,8.210000038146973,8.239999771118164,8.119999885559082,8.220000267028809,8.080157279968262,2487200,0.0004,0.0,0.0025,0.0,0.0127,0.0051,0.0101,0.0,0.0101
336,2019-05-06,8.010000228881836,8.140000343322754,7.960000038146973,8.109999656677246,7.9720282554626465,4349600,0.0004,0.0156,0.0104,0.0,0.0013,0.0143,0.013,0.0039,0.0156
337,2019-05-07,7.940000057220459,7.949999809265137,7.809999942779541,7.820000171661377,7.686962604522705,7877400,0.0005,0.0,0.0,0.0,0.0,0.0,0.0,0.0,0.0
338,2019-05-08,7.840000152587891,7.949999809265137,7.829999923706055,7.869999885559082,7.736111640930176,3412500,0.0003,0.0023,0.0069,0.0,0.0137,0.0068,0.0114,0.0,0.0137
339,2019-05-09,7.679999828338623,7.800000190734863,7.630000114440918,7.78000020980835,7.647643089294434,4581200,0.0002,0.0036,0.0081,0.0,0.0045,0.0036,0.018,0.0018,0.0162
340,2019-05-10,7.78000020980835,7.909999847412109,7.75,7.869999885559082,7.736111640930176,3726600,0.0008,0.0,0.0,0.0,0.0,0.0,0.0067,0.0,0.0067
341,2019-05-13,7.659999847412109,7.699999809265137,7.599999904632568,7.639999866485596,7.510024547576904,6126200,0.0005,0.0036,0.0091,0.0,0.0036,0.0,0.0163,0.0,0.02
342,2019-05-14,7.650000095367432,7.739999771118164,7.610000133514404,7.679999828338623,7.549344062805176,3611000,0.0002,0.0,0.0,0.0,0.0,0.0027,0.0109,0.0,0.0109
343,2019-05-15,7.539999961853027,7.699999809265137,7.510000228881836,7.670000076293945,7.539514541625977,4830000,0.0003,0.0,0.0098,0.0,0.0,0.0,0.0098,0.0,0.0098
344,2019-05-16,7.670000076293945,7.730000019073486,7.650000095367432,7.659999847412109,7.529684066772461,5072800,0.0004,0.0058,0.0087,0.0,0.0029,0.0058,0.0087,0.0,0.0087
345,2019-05-17,7.550000190734863,7.679999828338623,7.539999961853027,7.579999923706055,7.451045513153076,2929500,0.0008,0.0,0.0,0.0,0.0,0.0,0.0058,0.0,0.0058
346,2019-05-20,7.429999828338623,7.480000019073486,7.389999866485596,7.429999828338623,7.3035969734191895,5135200,0.0015,0.0106,0.0662,0.0058,0.0074,0.0185,0.0064,0.0106,0.0079
347,2019-05-21,7.460000038146973,7.539999961853027,7.409999847412109,7.519999980926514,7.39206600189209,3427200,0.0007,0.019,0.0782,0.0087,0.0086,0.0173,0.004,0.0126,0.0098
348,2019-05-22,7.389999866485596,7.420000076293945,7.340000152587891,7.340000152587891,7.215128421783447,4292700,0.0006,0.0,0.0,0.0,0.0,0.0,0.0,0.0,0.0
349,2019-05-23,7.170000076293945,7.260000228881836,7.130000114440918,7.230000019073486,7.10699987411499,6561100,0.0025,0.0182,0.0399,0.0051,0.0068,0.0325,0.0148,0.0063,0.0085
350,2019-05-24,7.159999847412109,7.190000057220459,7.130000114440918,7.179999828338623,7.179999828338623,3116500,0.0019,0.0048,0.0106,0.0039,0.0077,0.0202,0.0067,0.0048,0.0077
351,2019-05-28,7.099999904632568,7.130000114440918,7.0,7.019999980926514,7.019999980926514,5371900,0.0011,0.0076,0.021,0.0,0.0115,0.0076,0.0105,0.0,0.0029
352,2019-05-29,6.880000114440918,6.920000076293945,6.820000171661377,6.920000076293945,6.920000076293945,5100000,0.0004,0.0085,0.0107,0.0,0.0235,0.0043,0.0085,0.0,0.0085
353,2019-05-30,6.840000152587891,6.949999809265137,6.840000152587891,6.909999847412109,6.909999847412109,6444400,0.0004,0.0,0.0098,0.0,0.0,0.0033,0.0098,0.0,0.0131
354,2019-05-31,6.78000020980835,6.840000152587891,6.730000019073486,6.769999980926514,6.769999980926514,5815700,0.0003,0.0045,0.0136,0.0,0.0136,0.0091,0.0181,0.0045,0.0181
355,2019-06-03,6.670000076293945,6.75,6.639999866485596,6.730000019073486,6.730000019073486,5905000,0.0004,0.0035,0.0246,0.0,0.014,0.007,0.007,0.0,0.0105
356,2019-06-04,6.909999847412109,7.079999923706055,6.869999885559082,7.070000171661377,7.070000171661377,7800700,0.0017,0.0102,0.0271,0.0072,0.0175,0.0126,0.0078,0.0096,0.0084
357,2019-06-05,6.960000038146973,6.960000038146973,6.860000133514404,6.920000076293945,6.920000076293945,4270100,0.0004,0.0099,0.0396,0.0087,0.0223,0.0149,0.0111,0.0099,0.0136
358,2019-06-06,6.760000228881836,6.78000020980835,6.610000133514404,6.75,6.75,6551900,0.0001,0.0,0.0,0.0,0.0,0.0,0.0,0.0,0.0
359,2019-06-07,6.769999980926514,6.809999942779541,6.75,6.760000228881836,6.760000228881836,2999000,0.001,0.0119,0.0384,0.0016,0.0249,0.028,0.0031,0.0031,0.014
360,2019-06-10,6.800000190734863,6.929999828338623,6.800000190734863,6.889999866485596,6.889999866485596,3794500,0.0005,0.0047,0.0083,0.0,0.0059,0.0047,0.0024,0.0047,0.0024
361,2019-06-11,6.960000038146973,7.03000020980835,6.920000076293945,6.980000019073486,6.980000019073486,9798900,0.0002,0.0,0.0,0.0,0.0,0.0,0.0,0.0,0.0
362,2019-06-12,6.889999866485596,6.949999809265137,6.869999885559082,6.880000114440918,6.880000114440918,4000000,0.0008,0.0,0.0,0.0,0.0,0.0,0.0,0.0,0.0
363,2019-06-13,6.900000095367432,6.929999828338623,6.849999904632568,6.869999885559082,6.869999885559082,2624600,0.0003,0.0,0.0,0.0,0.0,0.0,0.0,0.0,0.0
364,2019-06-14,6.800000190734863,6.820000171661377,6.739999771118164,6.789999961853027,6.789999961853027,2474300,0.0002,0.0,0.0,0.0,0.0,0.0,0.0,0.0,0.0
365,2019-06-17,6.880000114440918,6.909999847412109,6.800000190734863,6.820000171661377,6.820000171661377,4518800,0.001,0.0106,0.037,0.0,0.0106,0.0123,0.0106,0.0053,0.0035
366,2019-06-18,6.929999828338623,7.119999885559082,6.920000076293945,7.079999923706055,7.079999923706055,7085300,0.0036,0.0,0.0,0.0,0.0,0.0,0.0,0.0,0.0
367,2019-06-19,7.230000019073486,7.300000190734863,7.170000076293945,7.170000076293945,7.170000076293945,5500900,0.0011,0.0065,0.0463,0.006,0.0104,0.0086,0.0082,0.0013,0.0117
368,2019-06-20,7.199999809265137,7.199999809265137,7.090000152587891,7.170000076293945,7.170000076293945,5568700,0.0003,0.0095,0.0586,0.0047,0.0095,0.0111,0.0032,0.0,0.0063
369,2019-06-21,7.179999828338623,7.230000019073486,7.150000095367432,7.179999828338623,7.179999828338623,3267900,0.0006,0.0,0.0,0.0,0.0,0.0,0.0,0.0,0.0
370,2019-06-24,7.199999809265137,7.21999979019165,7.099999904632568,7.099999904632568,7.099999904632568,3541100,0.0025,0.0008,0.0023,0.0,0.0008,0.0,0.0008,0.0,0.0
371,2019-06-25,7.099999904632568,7.159999847412109,7.059999942779541,7.119999885559082,7.119999885559082,4534700,0.0069,0.0,0.0132,0.0,0.0,0.0026,0.0026,0.0052,0.0026
372,2019-06-26,7.329999923706055,7.400000095367432,7.289999961853027,7.369999885559082,7.369999885559082,4736100,0.0004,0.0,0.0314,0.0,0.0018,0.0055,0.0055,0.0111,0.0055
373,2019-06-27,7.53000020980835,7.579999923706055,7.460000038146973,7.539999961853027,7.539999961853027,7590400,0.0008,0.0,0.0,0.0,0.0,0.0,0.0,0.0,0.0
374,2019-06-28,7.710000038146973,7.769999980926514,7.579999923706055,7.630000114440918,7.630000114440918,7631800,0.0016,0.0,0.0,0.0,0.0,0.0,0.0,0.0,0.0
375,2019-07-01,7.820000171661377,7.829999923706055,7.579999923706055,7.639999866485596,7.639999866485596,5429700,0.0003,0.0137,0.011,0.0055,0.0055,0.0,0.0164,0.0,0.0055
376,2019-07-02,7.619999885559082,7.650000095367432,7.590000152587891,7.590000152587891,7.590000152587891,2643900,0.0009,0.0,0.0261,0.0,0.0152,0.016,0.0058,0.0232,0.0058
377,2019-07-03,7.75,7.829999923706055,7.730000019073486,7.809999942779541,7.809999942779541,3955900,0.0034,0.0023,0.0126,0.0,0.0079,0.0084,0.0056,0.0112,0.0042
378,2019-07-05,8.1899995803833,8.279999732971191,8.010000228881836,8.029999732971191,8.029999732971191,9271300,0.0024,0.0,0.0,0.0,0.0,0.0,0.0,0.0,0.0
379,2019-07-08,7.610000133514404,7.699999809265137,7.460000038146973,7.539999961853027,7.539999961853027,19869000,0.0052,0.0085,0.0468,0.0022,0.0447,0.0201,0.0179,0.0308,0.0131
380,2019-07-09,7.340000152587891,7.380000114440918,7.28000020980835,7.28000020980835,7.28000020980835,10129500,0.0018,0.0058,0.0549,0.0024,0.0166,0.0136,0.0075,0.0122,0.0108
381,2019-07-10,7.460000038146973,7.539999961853027,7.340000152587891,7.400000095367432,7.400000095367432,7037100,0.003,0.0022,0.0331,0.0007,0.0071,0.0041,0.0097,0.0056,0.0082
382,2019-07-11,7.389999866485596,7.5,7.329999923706055,7.480000019073486,7.480000019073486,4952300,0.0034,0.0024,0.0609,0.0,0.0115,0.0013,0.0037,0.0094,0.004
383,2019-07-12,7.590000152587891,7.679999828338623,7.550000190734863,7.670000076293945,7.670000076293945,6487400,0.0015,0.0,0.0,0.0,0.0,0.0,0.0,0.0,0.0
384,2019-07-15,7.739999771118164,7.789999961853027,7.699999809265137,7.769999980926514,7.769999980926514,5487500,0.0005,0.0048,0.0119,0.0,0.0143,0.0,0.0,0.0072,0.0
385,2019-07-16,7.949999809265137,8.100000381469727,7.940000057220459,7.96999979019165,7.96999979019165,9816500,0.0005,0.0097,0.0119,0.0011,0.0033,0.0087,0.013,0.0098,0.0032
386,2019-07-17,8.029999732971191,8.039999961853027,7.869999885559082,7.880000114440918,7.880000114440918,5059100,0.0002,0.0,0.0,0.0,0.0,0.0,0.0,0.0,0.0
387,2019-07-18,7.909999847412109,7.940000057220459,7.840000152587891,7.929999828338623,7.929999828338623,3811000,0.0004,0.0034,0.0201,0.0,0.0083,0.005,0.0034,0.0067,0.0084
388,2019-07-19,7.699999809265137,7.78000020980835,7.670000076293945,7.71999979019165,7.71999979019165,5424900,0.0001,0.0,0.0,0.0,0.0,0.0,0.0,0.0,0.0
389,2019-07-22,7.809999942779541,7.829999923706055,7.730000019073486,7.800000190734863,7.800000190734863,2857100,0.0002,0.0,0.0,0.0,0.0,0.0,0.0,0.0,0.0
390,2019-07-23,7.909999847412109,7.980000019073486,7.900000095367432,7.949999809265137,7.949999809265137,5412000,0.0008,0.0,0.05,0.0043,0.006,0.0077,0.0052,0.0173,0.0052
391,2019-07-24,7.760000228881836,7.929999828338623,7.71999979019165,7.920000076293945,7.920000076293945,8203300,0.0023,0.0,0.0,0.0,0.0,0.0,0.0,0.0,0.0
392,2019-07-25,7.949999809265137,8.0,7.78000020980835,7.900000095367432,7.900000095367432,7565000,0.0005,0.008,0.049,0.0,0.012,0.016,0.012,0.017,0.0
393,2019-07-26,7.929999828338623,7.949999809265137,7.880000114440918,7.929999828338623,7.929999828338623,4561500,0.0006,0.0,0.0,0.0,0.0,0.0,0.0,0.0,0.0
394,2019-07-29,7.929999828338623,7.929999828338623,7.829999923706055,7.829999923706055,7.829999923706055,3211300,0.0003,0.0067,0.0,0.0,0.0,0.0033,0.0067,0.0,0.0
395,2019-07-30,7.679999828338623,7.760000228881836,7.619999885559082,7.75,7.75,5937700,0.0003,0.0066,0.0066,0.0,0.0,0.0022,0.0022,0.0022,0.0022
396,2019-07-31,7.889999866485596,7.920000076293945,7.760000228881836,7.809999942779541,7.809999942779541,5692800,0.0004,0.0119,0.004,0.0,0.0079,0.006,0.004,0.004,0.002
397,2019-08-01,7.769999980926514,7.849999904632568,7.53000020980835,7.610000133514404,7.610000133514404,8559400,0.0001,0.0,0.0,0.0,0.0,0.0,0.0,0.0,0.0
398,2019-08-02,7.769999980926514,7.889999866485596,7.710000038146973,7.889999866485596,7.889999866485596,5538200,0.0004,0.0,0.0,0.0,0.0,0.0,0.0,0.0,0.0
399,2019-08-05,7.739999771118164,7.75,7.610000133514404,7.650000095367432,7.650000095367432,5814100,0.0002,0.0,0.0035,0.0,0.0,0.0,0.0,0.0069,0.0
400,2019-08-06,7.639999866485596,7.679999828338623,7.519999980926514,7.630000114440918,7.630000114440918,5752700,0.0002,0.0,0.0037,0.0,0.0,0.0,0.0,0.0037,0.0
401,2019-08-07,7.400000095367432,7.480000019073486,7.329999923706055,7.46999979019165,7.46999979019165,7232500,0.0001,0.0,0.0,0.0,0.0,0.0,0.0,0.0,0.0
402,2019-08-08,7.53000020980835,7.75,7.519999980926514,7.659999847412109,7.659999847412109,6809800,0.0003,0.0,0.0,0.0,0.0,0.0,0.0,0.0,0.0
403,2019-08-09,7.570000171661377,7.579999923706055,7.46999979019165,7.53000020980835,7.53000020980835,4678200,0.0003,0.0,0.0321,0.0,0.0,0.0,0.0,0.0,0.0
404,2019-08-12,7.170000076293945,7.190000057220459,6.880000114440918,6.949999809265137,6.949999809265137,15671600,0.0005,0.0,0.0142,0.0,0.0425,0.0047,0.0189,0.0047,0.0095
405,2019-08-13,6.96999979019165,7.21999979019165,6.940000057220459,7.210000038146973,7.210000038146973,11055900,0.0004,0.0153,0.0152,0.0,0.0109,0.0043,0.0022,0.0,0.0109
406,2019-08-14,6.849999904632568,6.880000114440918,6.690000057220459,6.690000057220459,6.690000057220459,10756700,0.0003,0.0075,0.0037,0.0,0.0,0.0,0.0,0.0,0.0
407,2019-08-15,6.610000133514404,6.679999828338623,6.440000057220459,6.440000057220459,6.440000057220459,11136600,0.0005,0.0,0.0,0.0,0.0029,0.0,0.0,0.0,0.0
408,2019-08-16,6.510000228881836,6.949999809265137,6.510000228881836,6.940000057220459,6.940000057220459,14496000,0.0003,0.0,0.0033,0.0,0.0066,0.0,0.0,0.0,0.0033
409,2019-08-19,7.03000020980835,7.059999942779541,7.0,7.050000190734863,7.050000190734863,6734300,0.0003,0.003,0.0061,0.0,0.0,0.0122,0.0061,0.0,0.0
410,2019-08-20,6.949999809265137,7.019999980926514,6.900000095367432,6.96999979019165,6.96999979019165,8859200,0.0001,0.0,0.0,0.0,0.0,0.0,0.0,0.0,0.0
411,2019-08-21,7.050000190734863,7.070000171661377,7.0,7.010000228881836,7.010000228881836,8909300,0.0002,0.0,0.0053,0.0,0.0053,0.0,0.0,0.0053,0.0
412,2019-08-22,7.179999828338623,7.210000038146973,7.110000133514404,7.170000076293945,7.170000076293945,5746100,0.0001,0.0,0.0,0.0,0.0,0.0,0.0,0.0,0.0
413,2019-08-23,7.090000152587891,7.190000057220459,6.960000038146973,6.96999979019165,6.96999979019165,6324800,0.0003,0.0109,0.0475,0.0,0.0,0.0036,0.0036,0.0,0.0
414,2019-08-26,7.099999904632568,7.119999885559082,7.0,7.070000171661377,7.070000171661377,4324500,0.0004,0.0158,0.0029,0.0,0.0108,0.0,0.0,0.0069,0.004
415,2019-08-27,7.159999847412109,7.190000057220459,7.070000171661377,7.130000114440918,7.130000114440918,6217100,0.0005,0.0147,0.0252,0.0,0.0,0.0,0.0084,0.0,0.0
416,2019-08-28,7.070000171661377,7.210000038146973,7.050000190734863,7.159999847412109,7.159999847412109,2734700,0.0013,0.0,0.0318,0.0,0.0,0.0,0.0029,0.0014,0.0
417,2019-08-29,7.210000038146973,7.260000228881836,7.199999809265137,7.21999979019165,7.21999979019165,3394000,0.0003,0.0,0.0,0.0,0.0,0.0,0.0,0.009,0.0
418,2019-08-30,7.25,7.300000190734863,7.199999809265137,7.25,7.25,3045300,0.0012,0.0,0.0069,0.0,0.0,0.0028,0.0014,0.0,0.0055
419,2019-09-03,7.269999980926514,7.320000171661377,7.210000038146973,7.300000190734863,7.300000190734863,6163400,0.0002,0.0105,0.0035,0.0,0.0,0.007,0.0139,0.0,0.0
420,2019-09-04,7.460000038146973,7.489999771118164,7.389999866485596,7.480000019073486,7.480000019073486,3907900,0.0012,0.0011,0.0159,0.0,0.0096,0.0053,0.0032,0.0096,0.0043
421,2019-09-05,7.739999771118164,7.849999904632568,7.71999979019165,7.820000171661377,7.820000171661377,8565600,0.0003,0.0,0.0167,0.0,0.0111,0.0,0.0,0.0056,0.0056
422,2019-09-06,7.820000171661377,7.880000114440918,7.78000020980835,7.849999904632568,7.849999904632568,3480400,0.0008,0.0064,0.058,0.0064,0.008,0.0032,0.0161,0.0064,0.0064
423,2019-09-09,8.010000228881836,8.180000305175781,7.989999771118164,8.130000114440918,8.130000114440918,6726200,0.0001,0.0,0.0,0.0,0.0,0.0,0.0,0.0,0.0
424,2019-09-10,8.25,8.319999694824219,8.210000038146973,8.300000190734863,8.300000190734863,6733800,0.0003,0.0,0.0,0.0,0.0208,0.0,0.0,0.0104,0.0
425,2019-09-11,8.199999809265137,8.289999961853027,8.140000343322754,8.289999961853027,8.289999961853027,8082300,0.0002,0.0,0.0,0.0,0.0,0.0,0.0,0.0,0.0
426,2019-09-12,8.149999618530273,8.350000381469727,8.09000015258789,8.319999694824219,8.319999694824219,10229200,0.0003,0.0197,0.0256,0.0,0.0039,0.0059,0.0,0.0,0.004
427,2019-09-13,8.479999542236328,8.529999732971191,8.399999618530273,8.449999809265137,8.449999809265137,6939000,0.0004,0.0045,0.0181,0.0,0.0045,0.0,0.0045,0.0,0.0
428,2019-09-16,8.289999961853027,8.319999694824219,8.210000038146973,8.229999542236328,8.229999542236328,9456200,0.0001,0.0,0.0157,0.0,0.0079,0.0,0.0,0.0,0.0
429,2019-09-17,8.0600004196167,8.220000267028809,7.989999771118164,8.1899995803833,8.1899995803833,5734200,0.0004,0.0,0.018,0.0,0.0,0.0108,0.0108,0.0,0.0
430,2019-09-18,8.079999923706055,8.100000381469727,7.960000038146973,8.0600004196167,8.0600004196167,4686700,0.0003,0.0,0.0103,0.0,0.0051,0.0,0.0103,0.0,0.0
431,2019-09-19,8.130000114440918,8.15999984741211,8.0600004196167,8.069999694824219,8.069999694824219,3324900,0.0003,0.0149,0.005,0.0,0.0075,0.005,0.005,0.005,0.0
432,2019-09-20,8.09000015258789,8.119999885559082,7.980000019073486,7.989999771118164,7.989999771118164,3952400,0.0002,0.0,0.0,0.0,0.0,0.0,0.0,0.0,0.0
433,2019-09-23,7.78000020980835,7.820000171661377,7.690000057220459,7.789999961853027,7.789999961853027,8311500,0.0006,0.0,0.0,0.0,0.0,0.0,0.0,0.0,0.0
434,2019-09-24,7.75,7.760000228881836,7.539999961853027,7.579999923706055,7.579999923706055,6403900,0.0002,0.0217,0.0173,0.0,0.0043,0.013,0.0087,0.0087,0.0563
435,2019-09-25,7.429999828338623,7.619999885559082,7.420000076293945,7.579999923706055,7.579999923706055,5206900,0.0006,0.0066,0.0373,0.0044,0.0,0.0022,0.0153,0.0,0.0131
436,2019-09-26,7.480000019073486,7.519999980926514,7.389999866485596,7.420000076293945,7.420000076293945,3153000,0.0005,0.0,0.0302,0.005,0.005,0.0,0.0252,0.0,0.0101
437,2019-09-27,7.539999961853027,7.599999904632568,7.489999771118164,7.559999942779541,7.559999942779541,3819700,0.0006,0.0,0.0044,0.0,0.0044,0.0,0.0,0.0,0.0
438,2019-09-30,7.53000020980835,7.53000020980835,7.440000057220459,7.5,7.5,3487000,0.0002,0.0192,0.0144,0.0,0.0096,0.0096,0.0048,0.0048,0.0144
439,2019-10-01,7.440000057220459,7.46999979019165,7.21999979019165,7.25,7.25,6235900,0.0003,0.0232,0.0055,0.0,0.0,0.0033,0.0033,0.0044,0.0022
440,2019-10-02,7.25,7.329999923706055,7.150000095367432,7.190000057220459,7.190000057220459,5473300,0.0001,0.0,0.0157,0.0,0.0079,0.0,0.0,0.0,0.0
441,2019-10-03,7.139999866485596,7.199999809265137,7.019999980926514,7.150000095367432,7.150000095367432,5521200,0.0002,0.0157,0.0105,0.0,0.0052,0.0,0.0,0.0,0.0
442,2019-10-04,7.119999885559082,7.199999809265137,7.039999961853027,7.190000057220459,7.190000057220459,3282300,0.0002,0.0,0.0157,0.0,0.0079,0.0,0.0,0.0,0.0
443,2019-10-07,7.039999961853027,7.150000095367432,7.010000228881836,7.090000152587891,7.090000152587891,4054800,0.0001,0.0,0.0,0.0,0.0,0.0,0.0,0.0,0.0
444,2019-10-08,6.940000057220459,6.989999771118164,6.869999885559082,6.920000076293945,6.920000076293945,6911200,0.0005,0.0257,0.012,0.0,0.0325,0.0428,0.0291,0.0085,0.0017
445,2019-10-09,6.929999828338623,6.96999979019165,6.880000114440918,6.940000057220459,6.940000057220459,4318700,0.0001,0.0239,0.0199,0.0,0.008,0.004,0.0,0.004,0.004
446,2019-10-10,7.059999942779541,7.170000076293945,7.039999961853027,7.130000114440918,7.130000114440918,5626700,0.0003,0.0,0.0539,0.0,0.0101,0.0,0.0,0.0,0.0
447,2019-10-11,7.420000076293945,7.550000190734863,7.409999847412109,7.460000038146973,7.460000038146973,6570400,0.0006,0.0077,0.0446,0.0,0.0116,0.0058,0.0039,0.0039,0.0039
448,2019-10-14,7.539999961853027,7.579999923706055,7.510000228881836,7.550000190734863,7.550000190734863,3397700,0.0002,0.0,0.0138,0.0,0.0069,0.0,0.0,0.0,0.0
449,2019-10-15,7.599999904632568,7.820000171661377,7.570000171661377,7.78000020980835,7.78000020980835,5760400,0.0001,0.0,0.0157,0.0,0.0079,0.0,0.0,0.0,0.0
450,2019-10-16,7.900000095367432,7.949999809265137,7.840000152587891,7.840000152587891,7.840000152587891,5180300,0.0002,0.0,0.0157,0.0,0.0079,0.0,0.0,0.0,0.0
451,2019-10-17,7.960000038146973,8.020000457763672,7.900000095367432,7.900000095367432,7.900000095367432,5469500,0.0002,0.0,0.0157,0.0,0.0079,0.0,0.0,0.0,0.0
452,2019-10-18,7.940000057220459,7.960000038146973,7.849999904632568,7.920000076293945,7.920000076293945,5034800,0.0001,0.0,0.0,0.0,0.0,0.0,0.0,0.0,0.0
453,2019-10-21,8.149999618530273,8.15999984741211,8.0600004196167,8.079999923706055,8.079999923706055,5694900,0.0003,0.0068,0.0102,0.0,0.0137,0.0068,0.0068,0.0034,0.0103
454,2019-10-22,8.039999961853027,8.050000190734863,7.889999866485596,7.909999847412109,7.909999847412109,10235800,0.0002,0.0,0.0136,0.0,0.0068,0.0,0.0,0.0,0.0
455,2019-10-23,7.960000038146973,8.0,7.909999847412109,7.989999771118164,7.989999771118164,3547400,0.0001,0.0,0.0,0.0,0.0,0.0,0.0,0.0,0.0
456,2019-10-24,8.010000228881836,8.050000190734863,7.789999961853027,7.900000095367432,7.900000095367432,5753700,0.0002,0.0,0.0,0.0,0.0,0.0,0.0,0.0033,0.0
457,2019-10-25,7.889999866485596,7.96999979019165,7.880000114440918,7.96999979019165,7.96999979019165,2985100,0.0001,0.0,0.0,0.0,0.0,0.0,0.0,0.0,0.0
458,2019-10-28,8.020000457763672,8.050000190734863,8.0,8.050000190734863,8.050000190734863,5531500,0.0002,0.0,0.0,0.0,0.0,0.0,0.0,0.0,0.0
459,2019-10-29,8.050000190734863,8.0600004196167,7.96999979019165,7.980000019073486,7.980000019073486,3999500,0.0003,0.0069,0.0081,0.0,0.0012,0.0023,0.0023,0.0034,0.0023
460,2019-10-30,7.5,7.510000228881836,7.309999942779541,7.360000133514404,7.360000133514404,19220500,0.0016,0.0,0.0,0.0,0.0,0.0,0.0,0.0,0.0
461,2019-10-31,7.329999923706055,7.340000152587891,7.190000057220459,7.25,7.25,5244900,0.0007,0.0156,0.0464,0.0073,0.0138,0.0096,0.0097,0.006,0.0161
462,2019-11-01,7.329999923706055,7.409999847412109,7.329999923706055,7.389999866485596,7.389999866485596,3906200,0.0008,0.0132,0.0478,0.0074,0.0116,0.0116,0.005,0.005,0.0132
463,2019-11-04,7.630000114440918,7.679999828338623,7.579999923706055,7.659999847412109,7.659999847412109,5264100,0.0001,0.0,0.0,0.0,0.0,0.0,0.0,0.0,0.0
464,2019-11-05,7.699999809265137,7.71999979019165,7.610000133514404,7.610000133514404,7.610000133514404,5683200,0.0001,0.0,0.0,0.0,0.0,0.0048,0.0,0.0,0.0
465,2019-11-06,7.679999828338623,7.71999979019165,7.599999904632568,7.650000095367432,7.650000095367432,4469400,0.0003,0.0,0.0,0.0,0.0,0.0134,0.0054,0.0,0.0054
466,2019-11-07,7.800000190734863,7.840000152587891,7.75,7.760000228881836,7.760000228881836,5334800,0.0001,0.0,0.0,0.0,0.0,0.0,0.0,0.0,0.0
467,2019-11-08,7.650000095367432,7.690000057220459,7.610000133514404,7.630000114440918,7.630000114440918,5739900,0.0004,0.0071,0.0353,0.003,0.006,0.005,0.006,0.0081,0.0
468,2019-11-11,7.53000020980835,7.630000114440918,7.510000228881836,7.610000133514404,7.610000133514404,2959700,0.0002,0.0,0.0,0.0,0.0,0.0,0.0,0.0,0.0
469,2019-11-12,7.619999885559082,7.679999828338623,7.599999904632568,7.630000114440918,7.630000114440918,3211800,0.0002,0.0,0.004,0.0,0.0,0.0,0.004,0.0,0.0
470,2019-11-13,7.360000133514404,7.389999866485596,7.260000228881836,7.28000020980835,7.28000020980835,5793200,0.0003,0.0,0.0,0.0,0.0,0.0,0.0,0.0,0.0
471,2019-11-14,7.289999961853027,7.309999942779541,7.170000076293945,7.210000038146973,7.210000038146973,4273900,0.0002,0.0,0.0,0.0,0.0,0.0,0.0,0.0,0.0
472,2019-11-15,7.300000190734863,7.329999923706055,7.25,7.309999942779541,7.309999942779541,3548100,0.0003,0.0,0.0151,0.0,0.0151,0.0,0.0,0.0,0.0076
473,2019-11-18,7.260000228881836,7.349999904632568,7.230000019073486,7.349999904632568,7.349999904632568,2018000,0.0001,0.0,0.0,0.0,0.0,0.0,0.0,0.0,0.0
474,2019-11-19,7.360000133514404,7.389999866485596,7.269999980926514,7.349999904632568,7.349999904632568,4584400,0.0001,0.0,0.0,0.0,0.0,0.0,0.0,0.0,0.0
475,2019-11-20,7.269999980926514,7.320000171661377,7.21999979019165,7.300000190734863,7.300000190734863,5295000,0.0001,0.0,0.0,0.0,0.0,0.0,0.0,0.0,0.0
476,2019-11-21,7.369999885559082,7.409999847412109,7.320000171661377,7.380000114440918,7.380000114440918,4014800,,,,,,,,,
477,2019-11-22,7.369999885559082,7.429999828338623,7.340000152587891,7.360000133514404,7.360000133514404,3158000,0.0003,0.005,0.0051,0.0,0.0303,0.0,0.005,0.0051,0.0
478,2019-11-25,7.360000133514404,7.389999866485596,7.320000171661377,7.380000114440918,7.380000114440918,3589500,0.0002,0.0,0.0117,0.0,0.0039,0.0117,0.0078,0.0039,0.0
479,2019-11-26,7.309999942779541,7.320000171661377,7.269999980926514,7.289999961853027,7.289999961853027,3178900,0.0001,0.0084,0.0084,0.0,0.0,0.0084,0.0,0.0,0.0
480,2019-11-27,7.349999904632568,7.369999885559082,7.329999923706055,7.360000133514404,7.360000133514404,2867200,0.0003,0.0217,0.0,0.0,0.0,0.0073,0.0,0.0,0.0073
481,2019-11-29,7.260000228881836,7.260000228881836,7.199999809265137,7.210000038146973,7.210000038146973,2807400,0.0001,0.0,0.0,0.0,0.0,0.0,0.0,0.0,0.0
482,2019-12-02,7.230000019073486,7.25,7.159999847412109,7.190000057220459,7.190000057220459,3894500,0.0003,0.0,0.0018,0.0,0.0053,0.0106,0.0,0.0,0.0
483,2019-12-03,7.070000171661377,7.079999923706055,7.010000228881836,7.059999942779541,7.059999942779541,4664000,0.0005,0.0,0.0484,0.0,0.0,0.0,0.0,0.0,0.0
484,2019-12-04,7.059999942779541,7.21999979019165,7.050000190734863,7.170000076293945,7.170000076293945,4000200,0.0003,0.0,0.0413,0.0,0.0,0.0,0.0,0.0,0.0
485,2019-12-05,7.199999809265137,7.230000019073486,7.139999866485596,7.179999828338623,7.179999828338623,2930600,0.0001,0.0081,0.0244,0.0,0.0162,0.0162,0.0081,0.0244,0.0081
486,2019-12-06,7.239999771118164,7.260000228881836,7.179999828338623,7.21999979019165,7.21999979019165,2117500,0.0006,0.0,0.0,0.0,0.0,0.0,0.0,0.0,0.0
487,2019-12-09,7.25,7.309999942779541,7.210000038146973,7.210000038146973,7.210000038146973,3764000,0.0003,0.0,0.0,0.0,0.0,0.0,0.0,0.0,0.0
488,2019-12-10,7.190000057220459,7.230000019073486,7.150000095367432,7.190000057220459,7.190000057220459,3886100,0.001,0.0,0.0,0.0,0.0,0.0,0.0,0.0,0.0
489,2019-12-11,7.28000020980835,7.309999942779541,7.260000228881836,7.260000228881836,7.260000228881836,2719700,0.0002,0.0179,0.0537,0.0026,0.0205,0.0128,0.0077,0.0128,0.0026
490,2019-12-12,7.429999828338623,7.599999904632568,7.409999847412109,7.570000171661377,7.570000171661377,12537800,0.0001,0.0278,0.0556,0.0,0.0278,0.0278,0.0,0.0278,0.0
491,2019-12-13,7.570000171661377,7.710000038146973,7.460000038146973,7.480000019073486,7.480000019073486,5662700,0.0003,0.0,0.0,0.0,0.0,0.0,0.0,0.0,0.0
492,2019-12-16,7.690000057220459,7.78000020980835,7.670000076293945,7.690000057220459,7.690000057220459,4436700,0.0005,0.0262,0.0297,0.0,0.0192,0.0122,0.0105,0.007,0.0192
493,2019-12-17,7.730000019073486,7.820000171661377,7.730000019073486,7.809999942779541,7.809999942779541,4467800,0.0005,0.0,0.0,0.0,0.0,0.01,0.0,0.0,0.0
494,2019-12-18,7.800000190734863,7.829999923706055,7.75,7.75,7.75,2732300,0.0001,0.0417,0.0,0.0,0.0208,0.0208,0.0208,0.0,0.0
495,2019-12-19,7.820000171661377,7.920000076293945,7.809999942779541,7.889999866485596,7.889999866485596,2935100,0.0002,0.0139,0.014,0.0046,0.0186,0.0186,0.0046,0.0,0.0
496,2019-12-20,7.789999961853027,7.840000152587891,7.760000228881836,7.769999980926514,7.769999980926514,3000100,0.0001,0.0193,0.0193,0.0,0.0289,0.0193,0.0048,0.0,0.0096
497,2019-12-23,7.699999809265137,7.71999979019165,7.650000095367432,7.670000076293945,7.670000076293945,3270100,0.0005,0.005,0.0199,0.0,0.0,0.0,0.0,0.0,0.005
498,2019-12-24,7.639999866485596,7.670000076293945,7.610000133514404,7.619999885559082,7.619999885559082,941000,0.0003,0.0,0.0147,0.0,0.0,0.0,0.0037,0.0,0.0073
499,2019-12-26,7.610000133514404,7.679999828338623,7.610000133514404,7.659999847412109,7.659999847412109,2242900,,,,,,,,,
500,2019-12-27,7.659999847412109,7.659999847412109,7.659999847412109,7.659999847412109,7.659999847412109,0,0.0004,0.0,0.0267,0.0,0.0133,0.0,0.0,0.0,0.0
501,2019-12-30,7.739999771118164,7.78000020980835,7.690000057220459,7.71999979019165,7.71999979019165,2841400,0.0003,0.0,0.0273,0.0,0.0091,0.0,0.0,0.0,0.0
502,2019-12-31,7.699999809265137,7.789999961853027,7.670000076293945,7.78000020980835,7.78000020980835,2233800,0.0001,0.0,0.0,0.0,0.0,0.0,0.0,0.0,0.0
503,2020-01-02,8.109999656677246,8.329999923706055,8.050000190734863,8.329999923706055,8.329999923706055,11434500,0.0004,0.0058,0.0,0.0,0.0,0.0462,0.0058,0.0,0.0
504,2020-01-03,8.079999923706055,8.180000305175781,8.0600004196167,8.119999885559082,8.119999885559082,5744200,,,,,,,,,
505,2020-01-06,7.889999866485596,8.079999923706055,7.880000114440918,8.0600004196167,8.0600004196167,5565100,,,,,,,,,
506,2020-01-07,8.170000076293945,8.289999961853027,8.140000343322754,8.25,8.25,4513500,0.0001,0.0,0.0,0.0,0.0,0.0,0.0,0.0,0.0
507,2020-01-08,8.520000457763672,8.630000114440918,8.460000038146973,8.569999694824219,8.569999694824219,8353400,0.0001,0.0,0.0,0.0,0.0,0.0,0.0,0.0,0.0
508,2020-01-09,8.619999885559082,8.630000114440918,8.550000190734863,8.609999656677246,8.609999656677246,4900100,0.0001,0.0375,0.0075,0.0,0.0,0.0075,0.0113,0.0,0.0
509,2020-01-10,8.539999961853027,8.59000015258789,8.510000228881836,8.520000457763672,8.520000457763672,3734000,0.0002,0.0,0.0,0.0,0.0,0.0,0.0,0.0,0.0
510,2020-01-13,8.430000305175781,8.489999771118164,8.390000343322754,8.479999542236328,8.479999542236328,4841400,0.0004,0.0105,0.0123,0.0,0.0018,0.0035,0.007,0.0018,0.007
511,2020-01-14,8.5,8.670000076293945,8.5,8.579999923706055,8.579999923706055,5653200,0.0001,0.0,0.0,0.0,0.0,0.0,0.0,0.0,0.0
512,2020-01-15,8.510000228881836,8.510000228881836,8.399999618530273,8.40999984741211,8.40999984741211,5260800,0.0003,0.0044,0.0,0.0,0.0,0.0,0.0088,0.0,0.0
513,2020-01-16,8.489999771118164,8.550000190734863,8.470000267028809,8.539999961853027,8.539999961853027,3088700,0.0004,0.0,0.0,0.0,0.0,0.0,0.0,0.0,0.0
514,2020-01-17,8.460000038146973,8.470000267028809,8.40999984741211,8.420000076293945,8.420000076293945,4388900,0.0019,0.0016,0.0016,0.0016,0.0,0.0016,0.0,0.0,0.0
515,2020-01-21,8.359999656677246,8.390000343322754,8.270000457763672,8.270000457763672,8.270000457763672,3883600,0.001,0.0,0.0,0.0,0.0,0.0,0.0,0.0,0.0
516,2020-01-22,8.34000015258789,8.420000076293945,8.319999694824219,8.399999618530273,8.399999618530273,3243200,0.0013,0.0045,0.0148,0.0,0.0019,0.0013,0.0142,0.0,0.0026
517,2020-01-23,8.449999809265137,8.569999694824219,8.380000114440918,8.5600004196167,8.5600004196167,6494800,0.001,0.011,0.0063,0.0,0.0,0.0047,0.0024,0.0032,0.0016
518,2020-01-24,8.670000076293945,8.6899995803833,8.510000228881836,8.569999694824219,8.569999694824219,8226100,0.0007,0.002,0.0259,0.004,0.018,0.006,0.022,0.008,0.01
519,2020-01-27,8.5,8.59000015258789,8.470000267028809,8.539999961853027,8.539999961853027,5431100,0.0004,0.0,0.0185,0.0062,0.0,0.0062,0.0,0.0123,0.0
520,2020-01-28,8.600000381469727,8.670000076293945,8.539999961853027,8.670000076293945,8.670000076293945,3801300,0.0001,0.0,0.0,0.0,0.0,0.0,0.0,0.0,0.0
521,2020-01-29,8.75,8.8100004196167,8.6899995803833,8.770000457763672,8.770000457763672,5691300,0.0002,0.0,0.0,0.0,0.0,0.0,0.0,0.0,0.0076
522,2020-01-30,9.0600004196167,9.3100004196167,9.020000457763672,9.300000190734863,9.300000190734863,11896500,0.0018,0.0,0.0,0.0,0.0,0.0,0.0,0.0,0.0
523,2020-01-31,9.300000190734863,9.34000015258789,9.09000015258789,9.149999618530273,9.149999618530273,8241800,0.0013,0.0094,0.0223,0.0012,0.0106,0.0129,0.0106,0.0047,0.0023
524,2020-02-03,9.0,9.09000015258789,8.949999809265137,8.960000038146973,8.960000038146973,5670300,0.0002,0.0164,0.0457,0.0033,0.0294,0.0262,0.0098,0.0,0.0
525,2020-02-04,9.039999961853027,9.050000190734863,8.979999542236328,8.989999771118164,8.989999771118164,4722000,0.0001,0.0,0.0,0.0,0.0,0.0,0.0,0.0,0.0
526,2020-02-05,9.119999885559082,9.119999885559082,9.020000457763672,9.109999656677246,9.109999656677246,5814500,0.0003,0.0065,0.0065,0.0032,0.0032,0.0032,0.0032,0.0032,0.0032
527,2020-02-06,10.170000076293945,10.449999809265137,10.100000381469727,10.369999885559082,10.369999885559082,23345400,0.0006,0.0113,0.0214,0.0011,0.0135,0.0147,0.0011,0.0113,0.0
528,2020-02-07,10.390000343322754,10.470000267028809,10.319999694824219,10.40999984741211,10.40999984741211,5954200,0.0002,0.0231,0.0375,0.0058,0.0202,0.0231,0.0058,0.0087,0.0
529,2020-02-10,10.229999542236328,10.350000381469727,10.119999885559082,10.300000190734863,10.300000190734863,8158500,0.0016,0.0007,0.0046,0.0,0.0046,0.0033,0.0046,0.0,0.002
530,2020-02-11,10.430000305175781,10.65999984741211,10.369999885559082,10.5,10.5,7890200,0.0001,0.0,0.0,0.0,0.0,0.0,0.0,0.0,0.0
531,2020-02-12,10.859999656677246,10.899999618530273,10.789999961853027,10.850000381469727,10.850000381469727,5476600,0.0002,0.0039,0.0118,0.0,0.0,0.0,0.0039,0.0,0.0039
532,2020-02-13,10.989999771118164,11.130000114440918,10.949999809265137,11.020000457763672,11.020000457763672,8443200,0.0,0.0,0.0,0.0,0.0,0.0,0.0,0.0,0.0
533,2020-02-14,11.09000015258789,11.15999984741211,11.0,11.039999961853027,11.039999961853027,5973900,0.0001,0.0,0.0,0.0,0.0,0.0078,0.0078,0.0,0.0078
534,2020-02-18,10.729999542236328,10.789999961853027,10.680000305175781,10.710000038146973,10.710000038146973,6397400,0.0001,0.0,0.0,0.0,0.0,0.0,0.0108,0.0,0.0
535,2020-02-19,10.59000015258789,10.729999542236328,10.5600004196167,10.670000076293945,10.670000076293945,7628200,0.0008,0.0,0.0,0.0,0.0,0.0,0.0027,0.0,0.0027
536,2020-02-20,10.699999809265137,10.819999694824219,10.579999923706055,10.670000076293945,10.670000076293945,6287800,0.0,0.0,0.0,0.0,0.0,0.0,0.0,0.0,0.0
537,2020-02-21,10.579999923706055,10.579999923706055,10.15999984741211,10.239999771118164,10.239999771118164,11119100,0.0002,0.0059,0.0059,0.0,0.0,0.0,0.0,0.0059,0.0059
538,2020-02-24,9.680000305175781,9.770000457763672,9.59000015258789,9.640000343322754,9.640000343322754,10693400,0.0001,0.0,0.0145,0.0,0.0073,0.0145,0.0073,0.0,0.0073
539,2020-02-25,9.640000343322754,9.65999984741211,9.289999961853027,9.329999923706055,9.329999923706055,16133100,0.0,0.0,0.0,0.0,0.0,0.0,0.0,0.0,0.0
540,2020-02-26,9.579999923706055,9.729999542236328,9.4399995803833,9.449999809265137,9.449999809265137,8695400,0.0002,0.0043,0.0172,0.0,0.0,0.0,0.0043,0.0,0.0172
541,2020-02-27,9.130000114440918,9.260000228881836,8.880000114440918,8.979999542236328,8.979999542236328,12148100,0.0001,0.0,0.0272,0.0,0.0,0.0,0.0109,0.0,0.0109
542,2020-02-28,8.65999984741211,8.800000190734863,8.470000267028809,8.720000267028809,8.720000267028809,9583800,0.0001,0.0,0.0,0.0,0.0,0.0,0.0,0.0,0.0
543,2020-03-02,8.460000038146973,8.600000381469727,8.289999961853027,8.59000015258789,8.59000015258789,12264600,0.0003,0.0094,0.0156,0.0094,0.0062,0.0125,0.0,0.0187,0.0
544,2020-03-03,8.579999923706055,8.649999618530273,8.069999694824219,8.140000343322754,8.140000343322754,15845600,0.0003,0.0132,0.0131,0.0044,0.0,0.0219,0.0088,0.0132,0.0
545,2020-03-04,8.149999618530273,8.25,7.960000038146973,8.199999809265137,8.199999809265137,10606200,0.0004,0.0054,0.0036,0.0,0.0027,0.0018,0.0018,0.0018,0.0144
546,2020-03-05,7.829999923706055,7.949999809265137,7.699999809265137,7.75,7.75,11180000,0.0,0.0,0.0,0.0,0.04,0.0,0.0,0.02,0.0
547,2020-03-06,7.599999904632568,7.78000020980835,7.5,7.590000152587891,7.590000152587891,10970300,,,,,,,,,
548,2020-03-09,6.599999904632568,6.929999828338623,6.590000152587891,6.619999885559082,6.619999885559082,13790400,0.0,0.0,0.0556,0.0556,0.0,0.0,0.0,0.0,0.0
549,2020-03-10,7.210000038146973,7.28000020980835,6.650000095367432,6.960000038146973,6.960000038146973,11166100,0.0007,0.0,0.0,0.0,0.0,0.0,0.0,0.0,0.0
550,2020-03-11,6.769999980926514,6.880000114440918,6.400000095367432,6.510000228881836,6.510000228881836,18288300,,,,,,,,,
551,2020-03-12,6.099999904632568,6.099999904632568,5.400000095367432,5.53000020980835,5.53000020980835,16434800,0.0002,0.0113,0.0339,0.0056,0.0169,0.0169,0.0113,0.0113,0.0056
552,2020-03-13,6.150000095367432,6.170000076293945,5.550000190734863,5.96999979019165,5.96999979019165,10609900,,,,,,,,,
553,2020-03-16,5.03000020980835,5.679999828338623,4.989999771118164,5.480000019073486,5.480000019073486,12521300,0.0009,0.0084,0.0042,0.0,0.0031,0.0063,0.0042,0.0031,0.0
554,2020-03-17,5.489999771118164,5.849999904632568,5.380000114440918,5.789999961853027,5.789999961853027,11880600,0.0001,0.0,0.0198,0.0,0.0,0.005,0.005,0.005,0.005
555,2020-03-18,5.559999942779541,5.730000019073486,5.309999942779541,5.559999942779541,5.559999942779541,15663600,0.0,0.0,0.0,0.0,0.0,0.0,0.05,0.0,0.05
556,2020-03-19,5.769999980926514,6.050000190734863,5.619999885559082,5.860000133514404,5.860000133514404,13403100,0.001,0.0013,0.0101,0.0,0.0076,0.0063,0.0025,0.0,0.0013
557,2020-03-20,6.0,6.130000114440918,5.659999847412109,5.760000228881836,5.760000228881836,12969800,0.0028,0.0,0.0,0.0,0.0,0.0,0.0,0.0,0.0
558,2020-03-23,6.0,6.090000152587891,5.840000152587891,5.840000152587891,5.840000152587891,11119000,0.0002,0.0,0.0551,0.0,0.0393,0.0079,0.0079,0.0157,0.0
559,2020-03-24,6.460000038146973,6.75,6.300000190734863,6.579999923706055,6.579999923706055,9838900,0.0011,0.0,0.0028,0.0,0.0057,0.0,0.0,0.0028,0.0
560,2020-03-25,6.769999980926514,7.119999885559082,6.53000020980835,6.880000114440918,6.880000114440918,10449100,0.0004,0.0,0.0,0.0,0.0,0.0,0.0,0.0,0.0
561,2020-03-26,6.869999885559082,7.059999942779541,6.789999961853027,6.989999771118164,6.989999771118164,8193100,0.0003,0.0039,0.0156,0.0,0.0117,0.0,0.0,0.0,0.0039
562,2020-03-27,6.5,6.619999885559082,6.409999847412109,6.46999979019165,6.46999979019165,6165200,,,,,,,,,
563,2020-03-30,6.340000152587891,6.519999980926514,6.210000038146973,6.510000228881836,6.510000228881836,5937700,0.0002,0.0107,0.0374,0.0,0.0161,0.016,0.0,0.016,0.0374
564,2020-03-31,6.360000133514404,6.599999904632568,6.329999923706055,6.420000076293945,6.420000076293945,5114000,,,,,,,,,
565,2020-04-01,6.099999904632568,6.210000038146973,5.949999809265137,5.960000038146973,5.960000038146973,5716200,0.0,0.0,0.0625,0.0,0.0625,0.0208,0.0208,0.0417,0.0208
566,2020-04-02,6.019999980926514,6.320000171661377,5.920000076293945,6.019999980926514,6.019999980926514,6539400,,,,,,,,,
567,2020-04-03,5.920000076293945,5.96999979019165,5.789999961853027,5.900000095367432,5.900000095367432,4594300,0.0003,0.0,0.0,0.0,0.0,0.0,0.0,0.0,0.0
568,2020-04-06,6.340000152587891,6.400000095367432,6.210000038146973,6.380000114440918,6.380000114440918,5750300,,,,,,,,,
569,2020-04-07,6.820000171661377,6.840000152587891,6.559999942779541,6.639999866485596,6.639999866485596,7775600,,,,,,,,,
570,2020-04-08,6.590000152587891,6.619999885559082,6.440000057220459,6.539999961853027,6.539999961853027,4605000,0.0004,0.0,0.0,0.0,0.0,0.0,0.0,0.0,0.0
571,2020-04-09,6.739999771118164,6.78000020980835,6.539999961853027,6.690000057220459,6.690000057220459,7326900,0.0002,0.0101,0.0606,0.0,0.0404,0.0101,0.0303,0.0303,0.0202
572,2020-04-13,6.659999847412109,6.670000076293945,6.440000057220459,6.519999980926514,6.519999980926514,3851700,,,,,,,,,
573,2020-04-14,6.829999923706055,6.980000019073486,6.730000019073486,6.849999904632568,6.849999904632568,6054000,0.0001,0.0,0.0732,0.0,0.0244,0.0244,0.0,0.0,0.0
574,2020-04-15,6.309999942779541,6.380000114440918,6.139999866485596,6.230000019073486,6.230000019073486,7404100,,,,,,,,,
575,2020-04-16,6.239999771118164,6.260000228881836,6.110000133514404,6.21999979019165,6.21999979019165,2359200,0.0001,0.0149,0.0448,0.0,0.0448,0.0299,0.0,0.0,0.0
576,2020-04-17,6.5,6.559999942779541,6.380000114440918,6.539999961853027,6.539999961853027,4337300,0.0003,0.0029,0.0029,0.0,0.0,0.0464,0.0087,0.0029,0.0174
577,2020-04-20,6.260000228881836,6.46999979019165,6.230000019073486,6.329999923706055,6.329999923706055,5056100,,,,,,,,,
578,2020-04-21,6.099999904632568,6.260000228881836,6.03000020980835,6.079999923706055,6.079999923706055,6791300,0.0001,0.0194,0.0291,0.0,0.0,0.0194,0.0,0.0,0.0
579,2020-04-22,6.150000095367432,6.170000076293945,6.059999942779541,6.090000152587891,6.090000152587891,4357400,,,,,,,,,
580,2020-04-23,6.099999904632568,6.409999847412109,6.079999923706055,6.179999828338623,6.179999828338623,5646100,0.0001,0.0,0.0,0.0,0.0,0.0,0.0,0.0,0.0
581,2020-04-24,6.079999923706055,6.099999904632568,5.829999923706055,5.949999809265137,5.949999809265137,6439800,0.0,0.0,0.015,0.0,0.01,0.0,0.02,0.0,0.04
582,2020-04-27,6.46999979019165,6.730000019073486,6.429999828338623,6.690000057220459,6.690000057220459,9091600,0.0008,0.0051,0.0239,0.0,0.0141,0.0098,0.0137,0.0017,0.0064
583,2020-04-28,6.940000057220459,6.96999979019165,6.769999980926514,6.849999904632568,6.849999904632568,7676000,0.0002,0.0052,0.0155,0.0,0.0103,0.0103,0.0516,0.0,0.0154
584,2020-04-29,7.480000019073486,7.760000228881836,7.409999847412109,7.670000076293945,7.670000076293945,12885500,0.0007,0.0,0.0,0.0,0.0,0.0,0.0,0.0,0.0
585,2020-04-30,7.320000171661377,7.519999980926514,7.170000076293945,7.409999847412109,7.409999847412109,6193400,0.0002,0.0089,0.016,0.0,0.0124,0.0018,0.0124,0.0053,0.0053
586,2020-05-01,7.300000190734863,7.300000190734863,7.099999904632568,7.150000095367432,7.150000095367432,5636500,0.0,0.0167,0.0167,0.0,0.0,0.0,0.0167,0.0,0.0167
587,2020-05-04,7.039999961853027,7.179999828338623,7.0,7.050000190734863,7.050000190734863,7268500,0.0001,0.0035,0.003,0.0,0.0,0.001,0.003,0.0,0.002
588,2020-05-05,7.090000152587891,7.139999866485596,6.949999809265137,6.96999979019165,6.96999979019165,4709600,0.0001,0.0,0.0,0.0,0.0,0.0,0.0,0.0,0.0
589,2020-05-06,7.039999961853027,7.059999942779541,6.789999961853027,6.800000190734863,6.800000190734863,5273300,0.0001,0.0022,0.0066,0.0,0.0,0.0,0.0066,0.0,0.0066
590,2020-05-07,6.96999979019165,7.119999885559082,6.96999979019165,6.989999771118164,6.989999771118164,5227100,0.0001,0.0191,0.0571,0.0042,0.0063,0.0106,0.0169,0.0042,0.0169
591,2020-05-08,7.119999885559082,7.150000095367432,7.050000190734863,7.130000114440918,7.130000114440918,2759100,0.0,0.0,0.0,0.0,0.0,0.0256,0.0,0.0,0.0
592,2020-05-11,6.929999828338623,6.96999979019165,6.829999923706055,6.929999828338623,6.929999828338623,4329300,0.0005,0.0,0.0,0.0,0.0,0.0,0.0,0.0,0.0
593,2020-05-12,7.019999980926514,7.119999885559082,6.900000095367432,6.909999847412109,6.909999847412109,5591800,0.0002,0.019,0.0161,0.0,0.0175,0.0058,0.0102,0.0029,0.0044
594,2020-05-13,6.820000171661377,6.820000171661377,6.53000020980835,6.599999904632568,6.599999904632568,5082200,0.0003,0.01,0.0477,0.002,0.006,0.0119,0.0059,0.0099,0.004
595,2020-05-14,6.369999885559082,6.679999828338623,6.25,6.659999847412109,6.659999847412109,5277200,0.0004,0.0106,0.0479,0.0035,0.0071,0.0106,0.0053,0.0088,0.0053
596,2020-05-15,6.46999979019165,6.5,6.400000095367432,6.440000057220459,6.440000057220459,5979700,0.0002,0.0,0.0612,0.0082,0.0204,0.0082,0.0122,0.0,0.0122
597,2020-05-18,6.940000057220459,7.170000076293945,6.880000114440918,7.130000114440918,7.130000114440918,8496300,0.0003,0.0031,0.0062,0.0016,0.0047,0.0062,0.017,0.0062,0.0093
598,2020-05-19,7.150000095367432,7.21999979019165,7.039999961853027,7.059999942779541,7.059999942779541,7553200,0.0002,0.0063,0.0505,0.0063,0.0126,0.0095,0.0284,0.0,0.0253
599,2020-05-20,7.349999904632568,7.570000171661377,7.340000152587891,7.510000228881836,7.510000228881836,6452700,0.0007,0.0133,0.0156,0.0,0.0067,0.0044,0.0022,0.0,0.0089
600,2020-05-21,7.420000076293945,7.5,7.329999923706055,7.360000133514404,7.360000133514404,2832100,0.0001,0.0066,0.0891,0.0132,0.0066,0.0066,0.0363,0.0,0.0297
601,2020-05-22,7.400000095367432,7.420000076293945,7.28000020980835,7.320000171661377,7.320000171661377,3173200,0.0001,0.0,0.0723,0.0,0.0362,0.0,0.0121,0.0121,0.0121
